,date,ticker,document,Industry
0,4/29/21,AAPL,"{'usage': {'text_units': 1, 'text_characters': 5851, 'features': 2}, 'sentiment': {'document': {'score': -0.853331, 'label': 'negative'}}, 'language': 'en', 'emotion': {'document': {'emotion': {'sadness': 0.571522, 'joy': 0.085712, 'fear': 0.170525, 'disgust': 0.029309, 'anger': 0.095593}}}}",Tech
1,7/31/20,AAPL,"{'usage': {'text_units': 1, 'text_characters': 5593, 'features': 2}, 'sentiment': {'document': {'score': -0.991665, 'label': 'negative'}}, 'language': 'en', 'emotion': {'document': {'emotion': {'sadness': 0.620695, 'joy': 0.041666, 'fear': 0.186573, 'disgust': 0.029744, 'anger': 0.09331}}}}",Tech
2,5/1/20,AAPL,"{'usage': {'text_units': 1, 'text_characters': 7283, 'features': 2}, 'sentiment': {'document': {'score': -0.733907, 'label': 'negative'}}, 'language': 'en', 'emotion': {'document': {'emotion': {'sadness': 0.685394, 'joy': 0.054257, 'fear': 0.124109, 'disgust': 0.034296, 'anger': 0.114164}}}}",Tech
3,7/31/19,AAPL,"{'usage': {'text_units': 2, 'text_characters': 14330, 'features': 2}, 'sentiment': {'document': {'score': -0.965563, 'label': 'negative'}}, 'language': 'en', 'emotion': {'document': {'emotion': {'sadness': 0.876346, 'joy': 0.002704, 'fear': 0.160042, 'disgust': 0.066097, 'anger': 0.134327}}}}",Tech
4,5/1/19,AAPL,"{'usage': {'text_units': 2, 'text_characters': 15593, 'features': 2}, 'sentiment': {'document': {'score': -0.733907, 'label': 'negative'}}, 'language': 'en', 'emotion': {'document': {'emotion': {'sadness': 0.876969, 'joy': 0.002659, 'fear': 0.163147, 'disgust': 0.066599, 'anger': 0.129184}}}}",Tech
5,1/30/19,AAPL,"{'usage': {'text_units': 2, 'text_characters': 14137, 'features': 2}, 'sentiment': {'document': {'score': -0.989518, 'label': 'negative'}}, 'language': 'en', 'emotion': {'document': {'emotion': {'sadness': 0.867807, 'joy': 0.003151, 'fear': 0.167546, 'disgust': 0.064702, 'anger': 0.142119}}}}",Tech
6,8/1/18,AAPL,"{'usage': {'text_units': 2, 'text_characters': 14635, 'features': 2}, 'sentiment': {'document': {'score': -0.988817, 'label': 'negative'}}, 'language': 'en', 'emotion': {'document': {'emotion': {'sadness': 0.865978, 'joy': 0.004509, 'fear': 0.18241, 'disgust': 0.058933, 'anger': 0.126982}}}}",Tech
7,5/2/18,AAPL,"{'usage': {'text_units': 2, 'text_characters': 14564, 'features': 2}, 'sentiment': {'document': {'score': -0.967848, 'label': 'negative'}}, 'language': 'en', 'emotion': {'document': {'emotion': {'sadness': 0.848584, 'joy': 0.007707, 'fear': 0.198619, 'disgust': 0.058714, 'anger': 0.12154}}}}",Tech
8,1/29/20,AAPL,"{'usage': {'text_units': 1, 'text_characters': 5207, 'features': 2}, 'sentiment': {'document': {'score': -0.986224, 'label': 'negative'}}, 'language': 'en', 'emotion': {'document': {'emotion': {'sadness': 0.616957, 'joy': 0.055932, 'fear': 0.18986, 'disgust': 0.035464, 'anger': 0.117867}}}}",Tech
9,1/28/21,AAPL,"{'usage': {'text_units': 1, 'text_characters': 5128, 'features': 2}, 'sentiment': {'document': {'score': -0.980403, 'label': 'negative'}}, 'language': 'en', 'emotion': {'document': {'emotion': {'sadness': 0.597994, 'joy': 0.070628, 'fear': 0.17231, 'disgust': 0.03117, 'anger': 0.12529}}}}",Tech
10,4/27/21,MSFT,"{'usage': {'text_units': 2, 'text_characters': 19465, 'features': 2}, 'sentiment': {'document': {'score': 0, 'label': 'neutral'}}, 'language': 'en', 'emotion': {'document': {'emotion': {'sadness': 0.719739, 'joy': 0.005973, 'fear': 0.306799, 'disgust': 0.111275, 'anger': 0.17208}}}}",Tech
11,1/26/21,MSFT,"{'usage': {'text_units': 2, 'text_characters': 17548, 'features': 2}, 'sentiment': {'document': {'score': 0.746606, 'label': 'positive'}}, 'language': 'en', 'emotion': {'document': {'emotion': {'sadness': 0.729756, 'joy': 0.005577, 'fear': 0.286934, 'disgust': 0.106409, 'anger': 0.186567}}}}",Tech
12,10/27/20,MSFT,"{'usage': {'text_units': 2, 'text_characters': 16509, 'features': 2}, 'sentiment': {'document': {'score': 0.488115, 'label': 'positive'}}, 'language': 'en', 'emotion': {'document': {'emotion': {'sadness': 0.726939, 'joy': 0.005042, 'fear': 0.287238, 'disgust': 0.107749, 'anger': 0.190026}}}}",Tech
13,1/29/20,MSFT,"{'usage': {'text_units': 2, 'text_characters': 16499, 'features': 2}, 'sentiment': {'document': {'score': -0.938229, 'label': 'negative'}}, 'language': 'en', 'emotion': {'document': {'emotion': {'sadness': 0.688712, 'joy': 0.004542, 'fear': 0.298475, 'disgust': 0.125708, 'anger': 0.213779}}}}",Tech
14,10/23/19,MSFT,"{'usage': {'text_units': 2, 'text_characters': 15531, 'features': 2}, 'sentiment': {'document': {'score': -0.849921, 'label': 'negative'}}, 'language': 'en', 'emotion': {'document': {'emotion': {'sadness': 0.694245, 'joy': 0.004511, 'fear': 0.293803, 'disgust': 0.11706, 'anger': 0.221006}}}}",Tech
15,1/30/19,MSFT,"{'usage': {'text_units': 2, 'text_characters': 17039, 'features': 2}, 'sentiment': {'document': {'score': -0.98749, 'label': 'negative'}}, 'language': 'en', 'emotion': {'document': {'emotion': {'sadness': 0.666529, 'joy': 0.007285, 'fear': 0.302132, 'disgust': 0.138384, 'anger': 0.219667}}}}",Tech
16,4/26/18,MSFT,"{'usage': {'text_units': 2, 'text_characters': 18794, 'features': 2}, 'sentiment': {'document': {'score': 0, 'label': 'neutral'}}, 'language': 'en', 'emotion': {'document': {'emotion': {'sadness': 0.658238, 'joy': 0.009441, 'fear': 0.340574, 'disgust': 0.123923, 'anger': 0.19304}}}}",Tech
17,10/24/18,MSFT,"{'usage': {'text_units': 2, 'text_characters': 16129, 'features': 2}, 'sentiment': {'document': {'score': -0.96301, 'label': 'negative'}}, 'language': 'en', 'emotion': {'document': {'emotion': {'sadness': 0.667409, 'joy': 0.005767, 'fear': 0.305907, 'disgust': 0.136796, 'anger': 0.219461}}}}",Tech
18,4/29/20,MSFT,"{'usage': {'text_units': 2, 'text_characters': 18160, 'features': 2}, 'sentiment': {'document': {'score': 0, 'label': 'neutral'}}, 'language': 'en', 'emotion': {'document': {'emotion': {'sadness': 0.694315, 'joy': 0.004411, 'fear': 0.296578, 'disgust': 0.121418, 'anger': 0.213558}}}}",Tech
19,4/24/19,MSFT,"{'usage': {'text_units': 2, 'text_characters': 18097, 'features': 2}, 'sentiment': {'document': {'score': 0, 'label': 'neutral'}}, 'language': 'en', 'emotion': {'document': {'emotion': {'sadness': 0.664854, 'joy': 0.006696, 'fear': 0.305344, 'disgust': 0.141368, 'anger': 0.216371}}}}",Tech
20,4/30/21,AMZN,"{'usage': {'text_units': 2, 'text_characters': 13978, 'features': 2}, 'sentiment': {'document': {'score': -0.835189, 'label': 'negative'}}, 'language': 'en', 'emotion': {'document': {'emotion': {'sadness': 0.835924, 'joy': 0.003735, 'fear': 0.197929, 'disgust': 0.074173, 'anger': 0.140059}}}}",Tech
21,10/30/20,AMZN,"{'usage': {'text_units': 2, 'text_characters': 13759, 'features': 2}, 'sentiment': {'document': {'score': -0.698376, 'label': 'negative'}}, 'language': 'en', 'emotion': {'document': {'emotion': {'sadness': 0.834312, 'joy': 0.003643, 'fear': 0.188667, 'disgust': 0.072843, 'anger': 0.153347}}}}",Tech
22,7/31/20,AMZN,"{'usage': {'text_units': 2, 'text_characters': 14550, 'features': 2}, 'sentiment': {'document': {'score': -0.698376, 'label': 'negative'}}, 'language': 'en', 'emotion': {'document': {'emotion': {'sadness': 0.817145, 'joy': 0.003155, 'fear': 0.186622, 'disgust': 0.078257, 'anger': 0.184224}}}}",Tech
23,5/1/20,AMZN,"{'usage': {'text_units': 2, 'text_characters': 15011, 'features': 2}, 'sentiment': {'document': {'score': -0.634134, 'label': 'negative'}}, 'language': 'en', 'emotion': {'document': {'emotion': {'sadness': 0.804161, 'joy': 0.002563, 'fear': 0.219567, 'disgust': 0.077316, 'anger': 0.171567}}}}",Tech
24,10/25/19,AMZN,"{'usage': {'text_units': 2, 'text_characters': 13375, 'features': 2}, 'sentiment': {'document': {'score': -0.818233, 'label': 'negative'}}, 'language': 'en', 'emotion': {'document': {'emotion': {'sadness': 0.830462, 'joy': 0.003236, 'fear': 0.220285, 'disgust': 0.072599, 'anger': 0.129011}}}}",Tech
25,7/26/19,AMZN,"{'usage': {'text_units': 2, 'text_characters': 13780, 'features': 2}, 'sentiment': {'document': {'score': -0.818233, 'label': 'negative'}}, 'language': 'en', 'emotion': {'document': {'emotion': {'sadness': 0.814171, 'joy': 0.002403, 'fear': 0.179519, 'disgust': 0.081774, 'anger': 0.194589}}}}",Tech
26,4/26/19,AMZN,"{'usage': {'text_units': 2, 'text_characters': 14582, 'features': 2}, 'sentiment': {'document': {'score': 0, 'label': 'neutral'}}, 'language': 'en', 'emotion': {'document': {'emotion': {'sadness': 0.7988, 'joy': 0.002696, 'fear': 0.156711, 'disgust': 0.089002, 'anger': 0.23251}}}}",Tech
27,10/26/18,AMZN,"{'usage': {'text_units': 2, 'text_characters': 14005, 'features': 2}, 'sentiment': {'document': {'score': -0.817018, 'label': 'negative'}}, 'language': 'en', 'emotion': {'document': {'emotion': {'sadness': 0.812803, 'joy': 0.004649, 'fear': 0.236994, 'disgust': 0.075966, 'anger': 0.125314}}}}",Tech
28,7/27/18,AMZN,"{'usage': {'text_units': 2, 'text_characters': 14513, 'features': 2}, 'sentiment': {'document': {'score': 0, 'label': 'neutral'}}, 'language': 'en', 'emotion': {'document': {'emotion': {'sadness': 0.802075, 'joy': 0.003351, 'fear': 0.190053, 'disgust': 0.085392, 'anger': 0.192444}}}}",Tech
29,4/27/18,AMZN,"{'usage': {'text_units': 2, 'text_characters': 14900, 'features': 2}, 'sentiment': {'document': {'score': 0, 'label': 'neutral'}}, 'language': 'en', 'emotion': {'document': {'emotion': {'sadness': 0.810754, 'joy': 0.003998, 'fear': 0.195052, 'disgust': 0.090378, 'anger': 0.167237}}}}",Tech
30,7/31/20,GOOGL,"{'usage': {'text_units': 3, 'text_characters': 20887, 'features': 2}, 'sentiment': {'document': {'score': 0, 'label': 'neutral'}}, 'language': 'en', 'emotion': {'document': {'emotion': {'sadness': 0.846407, 'joy': 0.001659, 'fear': 0.204495, 'disgust': 0.081728, 'anger': 0.132363}}}}",Tech
31,4/29/20,GOOGL,"{'usage': {'text_units': 3, 'text_characters': 21225, 'features': 2}, 'sentiment': {'document': {'score': 0, 'label': 'neutral'}}, 'language': 'en', 'emotion': {'document': {'emotion': {'sadness': 0.842556, 'joy': 0.00194, 'fear': 0.219511, 'disgust': 0.079457, 'anger': 0.123988}}}}",Tech
32,10/29/19,GOOGL,"{'usage': {'text_units': 1, 'text_characters': 7757, 'features': 2}, 'sentiment': {'document': {'score': -0.615655, 'label': 'negative'}}, 'language': 'en', 'emotion': {'document': {'emotion': {'sadness': 0.56521, 'joy': 0.041086, 'fear': 0.213782, 'disgust': 0.113573, 'anger': 0.163972}}}}",Tech
33,7/26/19,GOOGL,"{'usage': {'text_units': 1, 'text_characters': 7570, 'features': 2}, 'sentiment': {'document': {'score': -0.615655, 'label': 'negative'}}, 'language': 'en', 'emotion': {'document': {'emotion': {'sadness': 0.520844, 'joy': 0.042699, 'fear': 0.237342, 'disgust': 0.104566, 'anger': 0.141868}}}}",Tech
34,4/30/19,GOOGL,"{'usage': {'text_units': 1, 'text_characters': 7817, 'features': 2}, 'sentiment': {'document': {'score': 0, 'label': 'neutral'}}, 'language': 'en', 'emotion': {'document': {'emotion': {'sadness': 0.490792, 'joy': 0.050253, 'fear': 0.247419, 'disgust': 0.109859, 'anger': 0.125837}}}}",Tech
35,10/26/18,GOOGL,"{'usage': {'text_units': 1, 'text_characters': 8094, 'features': 2}, 'sentiment': {'document': {'score': -0.619343, 'label': 'negative'}}, 'language': 'en', 'emotion': {'document': {'emotion': {'sadness': 0.449898, 'joy': 0.052916, 'fear': 0.218854, 'disgust': 0.089984, 'anger': 0.136772}}}}",Tech
36,7/24/18,GOOGL,"{'usage': {'text_units': 1, 'text_characters': 8087, 'features': 2}, 'sentiment': {'document': {'score': -0.619343, 'label': 'negative'}}, 'language': 'en', 'emotion': {'document': {'emotion': {'sadness': 0.444046, 'joy': 0.056797, 'fear': 0.233579, 'disgust': 0.086604, 'anger': 0.127077}}}}",Tech
37,4/28/21,GOOGL,"{'usage': {'text_units': 1, 'text_characters': 8757, 'features': 2}, 'sentiment': {'document': {'score': 0, 'label': 'neutral'}}, 'language': 'en', 'emotion': {'document': {'emotion': {'sadness': 0.487276, 'joy': 0.103753, 'fear': 0.148986, 'disgust': 0.111592, 'anger': 0.251955}}}}",Tech
38,10/30/20,GOOGL,"{'usage': {'text_units': 3, 'text_characters': 21262, 'features': 2}, 'sentiment': {'document': {'score': 0, 'label': 'neutral'}}, 'language': 'en', 'emotion': {'document': {'emotion': {'sadness': 0.836065, 'joy': 0.001683, 'fear': 0.208299, 'disgust': 0.082976, 'anger': 0.14396}}}}",Tech
39,4/24/18,GOOGL,"{'usage': {'text_units': 1, 'text_characters': 8164, 'features': 2}, 'sentiment': {'document': {'score': 0, 'label': 'neutral'}}, 'language': 'en', 'emotion': {'document': {'emotion': {'sadness': 0.489614, 'joy': 0.056911, 'fear': 0.209169, 'disgust': 0.07802, 'anger': 0.120636}}}}",Tech
40,4/29/21,FB,"{'usage': {'text_units': 4, 'text_characters': 33913, 'features': 2}, 'sentiment': {'document': {'score': -0.380495, 'label': 'negative'}}, 'language': 'en', 'emotion': {'document': {'emotion': {'sadness': 0.825968, 'joy': 0.002693, 'fear': 0.14323, 'disgust': 0.08671, 'anger': 0.219685}}}}",Tech
41,10/30/20,FB,"{'usage': {'text_units': 4, 'text_characters': 32614, 'features': 2}, 'sentiment': {'document': {'score': -0.557363, 'label': 'negative'}}, 'language': 'en', 'emotion': {'document': {'emotion': {'sadness': 0.833904, 'joy': 0.002646, 'fear': 0.161182, 'disgust': 0.082038, 'anger': 0.194505}}}}",Tech
42,7/31/20,FB,"{'usage': {'text_units': 4, 'text_characters': 30850, 'features': 2}, 'sentiment': {'document': {'score': -0.557363, 'label': 'negative'}}, 'language': 'en', 'emotion': {'document': {'emotion': {'sadness': 0.815053, 'joy': 0.002677, 'fear': 0.187001, 'disgust': 0.080983, 'anger': 0.197511}}}}",Tech
43,4/30/20,FB,"{'usage': {'text_units': 4, 'text_characters': 31010, 'features': 2}, 'sentiment': {'document': {'score': -0.511983, 'label': 'negative'}}, 'language': 'en', 'emotion': {'document': {'emotion': {'sadness': 0.821129, 'joy': 0.002684, 'fear': 0.1802, 'disgust': 0.081318, 'anger': 0.195174}}}}",Tech
44,10/31/19,FB,"{'usage': {'text_units': 3, 'text_characters': 26094, 'features': 2}, 'sentiment': {'document': {'score': -0.516998, 'label': 'negative'}}, 'language': 'en', 'emotion': {'document': {'emotion': {'sadness': 0.804134, 'joy': 0.004088, 'fear': 0.229849, 'disgust': 0.077386, 'anger': 0.168063}}}}",Tech
45,4/25/19,FB,"{'usage': {'text_units': 3, 'text_characters': 22965, 'features': 2}, 'sentiment': {'document': {'score': 0, 'label': 'neutral'}}, 'language': 'en', 'emotion': {'document': {'emotion': {'sadness': 0.823369, 'joy': 0.005252, 'fear': 0.216649, 'disgust': 0.076472, 'anger': 0.150057}}}}",Tech
46,10/31/18,FB,"{'usage': {'text_units': 3, 'text_characters': 22637, 'features': 2}, 'sentiment': {'document': {'score': -0.391208, 'label': 'negative'}}, 'language': 'en', 'emotion': {'document': {'emotion': {'sadness': 0.826447, 'joy': 0.00567, 'fear': 0.212077, 'disgust': 0.074531, 'anger': 0.150876}}}}",Tech
47,7/26/18,FB,"{'usage': {'text_units': 3, 'text_characters': 21920, 'features': 2}, 'sentiment': {'document': {'score': -0.391208, 'label': 'negative'}}, 'language': 'en', 'emotion': {'document': {'emotion': {'sadness': 0.830187, 'joy': 0.006597, 'fear': 0.237794, 'disgust': 0.06683, 'anger': 0.120257}}}}",Tech
48,4/26/18,FB,"{'usage': {'text_units': 3, 'text_characters': 22738, 'features': 2}, 'sentiment': {'document': {'score': 0, 'label': 'neutral'}}, 'language': 'en', 'emotion': {'document': {'emotion': {'sadness': 0.842806, 'joy': 0.006297, 'fear': 0.211191, 'disgust': 0.069327, 'anger': 0.128149}}}}",Tech
49,7/25/19,FB,"{'usage': {'text_units': 3, 'text_characters': 24707, 'features': 2}, 'sentiment': {'document': {'score': -0.516998, 'label': 'negative'}}, 'language': 'en', 'emotion': {'document': {'emotion': {'sadness': 0.82123, 'joy': 0.004002, 'fear': 0.224438, 'disgust': 0.075379, 'anger': 0.148224}}}}",Tech
50,11/5/20,CVX,"{'usage': {'text_units': 2, 'text_characters': 11294, 'features': 2}, 'sentiment': {'document': {'score': -0.760466, 'label': 'negative'}}, 'language': 'en', 'emotion': {'document': {'emotion': {'sadness': 0.774352, 'joy': 0.002486, 'fear': 0.27085, 'disgust': 0.099826, 'anger': 0.143758}}}}",Energy
51,8/5/20,CVX,"{'usage': {'text_units': 2, 'text_characters': 13090, 'features': 2}, 'sentiment': {'document': {'score': -0.760466, 'label': 'negative'}}, 'language': 'en', 'emotion': {'document': {'emotion': {'sadness': 0.729944, 'joy': 0.001769, 'fear': 0.262295, 'disgust': 0.102756, 'anger': 0.221138}}}}",Energy
52,5/6/20,CVX,"{'usage': {'text_units': 2, 'text_characters': 11194, 'features': 2}, 'sentiment': {'document': {'score': 0.360871, 'label': 'positive'}}, 'language': 'en', 'emotion': {'document': {'emotion': {'sadness': 0.759337, 'joy': 0.001448, 'fear': 0.252491, 'disgust': 0.105008, 'anger': 0.184577}}}}",Energy
53,11/7/19,CVX,"{'usage': {'text_units': 2, 'text_characters': 10795, 'features': 2}, 'sentiment': {'document': {'score': -0.875717, 'label': 'negative'}}, 'language': 'en', 'emotion': {'document': {'emotion': {'sadness': 0.77872, 'joy': 0.002504, 'fear': 0.186587, 'disgust': 0.114801, 'anger': 0.206449}}}}",Energy
54,8/7/19,CVX,"{'usage': {'text_units': 2, 'text_characters': 10673, 'features': 2}, 'sentiment': {'document': {'score': -0.875717, 'label': 'negative'}}, 'language': 'en', 'emotion': {'document': {'emotion': {'sadness': 0.7766, 'joy': 0.002191, 'fear': 0.174307, 'disgust': 0.114203, 'anger': 0.222485}}}}",Energy
55,5/2/19,CVX,"{'usage': {'text_units': 2, 'text_characters': 11155, 'features': 2}, 'sentiment': {'document': {'score': -0.768578, 'label': 'negative'}}, 'language': 'en', 'emotion': {'document': {'emotion': {'sadness': 0.767865, 'joy': 0.003511, 'fear': 0.168449, 'disgust': 0.12625, 'anger': 0.224319}}}}",Energy
56,11/8/18,CVX,"{'usage': {'text_units': 2, 'text_characters': 11920, 'features': 2}, 'sentiment': {'document': {'score': -0.898878, 'label': 'negative'}}, 'language': 'en', 'emotion': {'document': {'emotion': {'sadness': 0.717704, 'joy': 0.001747, 'fear': 0.133616, 'disgust': 0.154209, 'anger': 0.300662}}}}",Energy
57,8/2/18,CVX,"{'usage': {'text_units': 2, 'text_characters': 11084, 'features': 2}, 'sentiment': {'document': {'score': -0.898878, 'label': 'negative'}}, 'language': 'en', 'emotion': {'document': {'emotion': {'sadness': 0.721255, 'joy': 0.002304, 'fear': 0.164993, 'disgust': 0.139532, 'anger': 0.276108}}}}",Energy
58,5/3/18,CVX,"{'usage': {'text_units': 2, 'text_characters': 11143, 'features': 2}, 'sentiment': {'document': {'score': -0.760796, 'label': 'negative'}}, 'language': 'en', 'emotion': {'document': {'emotion': {'sadness': 0.722173, 'joy': 0.001678, 'fear': 0.13, 'disgust': 0.136352, 'anger': 0.314241}}}}",Energy
59,11/12/99,RDS.A,"{'usage': {'text_units': 1, 'text_characters': 2860, 'features': 2}, 'sentiment': {'document': {'score': -0.807939, 'label': 'negative'}}, 'language': 'en', 'emotion': {'document': {'emotion': {'sadness': 0.863128, 'joy': 0.02292, 'fear': 0.135235, 'disgust': 0.062455, 'anger': 0.049989}}}}",Energy
60,8/5/99,RDS.A,"{'usage': {'text_units': 1, 'text_characters': 2794, 'features': 2}, 'sentiment': {'document': {'score': -0.97616, 'label': 'negative'}}, 'language': 'en', 'emotion': {'document': {'emotion': {'sadness': 0.82737, 'joy': 0.020915, 'fear': 0.136701, 'disgust': 0.057871, 'anger': 0.057236}}}}",Energy
61,5/7/99,RDS.A,"{'usage': {'text_units': 1, 'text_characters': 2451, 'features': 2}, 'sentiment': {'document': {'score': -0.93521, 'label': 'negative'}}, 'language': 'en', 'emotion': {'document': {'emotion': {'sadness': 0.706371, 'joy': 0.051623, 'fear': 0.176503, 'disgust': 0.0541, 'anger': 0.04768}}}}",Energy
62,11/12/98,RDS.A,"{'usage': {'text_units': 1, 'text_characters': 2783, 'features': 2}, 'sentiment': {'document': {'score': 0, 'label': 'neutral'}}, 'language': 'en', 'emotion': {'document': {'emotion': {'sadness': 0.568593, 'joy': 0.066416, 'fear': 0.260834, 'disgust': 0.056288, 'anger': 0.071247}}}}",Energy
63,5/8/98,RDS.A,"{'usage': {'text_units': 1, 'text_characters': 1681, 'features': 2}, 'sentiment': {'document': {'score': -0.6695, 'label': 'negative'}}, 'language': 'en', 'emotion': {'document': {'emotion': {'sadness': 0.642336, 'joy': 0.03033, 'fear': 0.129567, 'disgust': 0.120091, 'anger': 0.115763}}}}",Energy
64,11/5/97,RDS.A,"{'usage': {'text_units': 1, 'text_characters': 1844, 'features': 2}, 'sentiment': {'document': {'score': -0.907506, 'label': 'negative'}}, 'language': 'en', 'emotion': {'document': {'emotion': {'sadness': 0.749103, 'joy': 0.009245, 'fear': 0.091953, 'disgust': 0.173304, 'anger': 0.126018}}}}",Energy
65,8/1/97,RDS.A,"{'usage': {'text_units': 1, 'text_characters': 1770, 'features': 2}, 'sentiment': {'document': {'score': -0.907506, 'label': 'negative'}}, 'language': 'en', 'emotion': {'document': {'emotion': {'sadness': 0.68562, 'joy': 0.007247, 'fear': 0.098597, 'disgust': 0.181443, 'anger': 0.126246}}}}",Energy
66,5/1/97,RDS.A,"{'usage': {'text_units': 1, 'text_characters': 1812, 'features': 2}, 'sentiment': {'document': {'score': -0.895975, 'label': 'negative'}}, 'language': 'en', 'emotion': {'document': {'emotion': {'sadness': 0.780531, 'joy': 0.006517, 'fear': 0.106696, 'disgust': 0.180405, 'anger': 0.119175}}}}",Energy
67,10/31/96,RDS.A,"{'usage': {'text_units': 1, 'text_characters': 2048, 'features': 2}, 'sentiment': {'document': {'score': -0.799738, 'label': 'negative'}}, 'language': 'en', 'emotion': {'document': {'emotion': {'sadness': 0.79187, 'joy': 0.005986, 'fear': 0.120422, 'disgust': 0.116158, 'anger': 0.132728}}}}",Energy
68,7/30/98,RDS.A,"{'usage': {'text_units': 1, 'text_characters': 1510, 'features': 2}, 'sentiment': {'document': {'score': -0.820673, 'label': 'negative'}}, 'language': 'en', 'emotion': {'document': {'emotion': {'sadness': 0.42129, 'joy': 0.021252, 'fear': 0.154282, 'disgust': 0.123574, 'anger': 0.10989}}}}",Energy
69,10/28/20,FSLR,"{'usage': {'text_units': 2, 'text_characters': 16447, 'features': 2}, 'sentiment': {'document': {'score': -0.997566, 'label': 'negative'}}, 'language': 'en', 'emotion': {'document': {'emotion': {'sadness': 0.792923, 'joy': 0.017075, 'fear': 0.214259, 'disgust': 0.062577, 'anger': 0.166074}}}}",Energy
70,8/7/20,FSLR,"{'usage': {'text_units': 2, 'text_characters': 15903, 'features': 2}, 'sentiment': {'document': {'score': -0.994649, 'label': 'negative'}}, 'language': 'en', 'emotion': {'document': {'emotion': {'sadness': 0.812766, 'joy': 0.019167, 'fear': 0.168768, 'disgust': 0.056783, 'anger': 0.181025}}}}",Energy
71,5/8/20,FSLR,"{'usage': {'text_units': 2, 'text_characters': 16114, 'features': 2}, 'sentiment': {'document': {'score': -0.88342, 'label': 'negative'}}, 'language': 'en', 'emotion': {'document': {'emotion': {'sadness': 0.803445, 'joy': 0.01458, 'fear': 0.159942, 'disgust': 0.064836, 'anger': 0.194992}}}}",Energy
72,8/2/19,FSLR,"{'usage': {'text_units': 2, 'text_characters': 13225, 'features': 2}, 'sentiment': {'document': {'score': -0.999426, 'label': 'negative'}}, 'language': 'en', 'emotion': {'document': {'emotion': {'sadness': 0.824266, 'joy': 0.030934, 'fear': 0.115967, 'disgust': 0.06716, 'anger': 0.150292}}}}",Energy
73,5/3/19,FSLR,"{'usage': {'text_units': 2, 'text_characters': 13099, 'features': 2}, 'sentiment': {'document': {'score': -0.973888, 'label': 'negative'}}, 'language': 'en', 'emotion': {'document': {'emotion': {'sadness': 0.801477, 'joy': 0.039838, 'fear': 0.102731, 'disgust': 0.064066, 'anger': 0.148096}}}}",Energy
74,10/26/18,FSLR,"{'usage': {'text_units': 2, 'text_characters': 14757, 'features': 2}, 'sentiment': {'document': {'score': -0.927168, 'label': 'negative'}}, 'language': 'en', 'emotion': {'document': {'emotion': {'sadness': 0.723988, 'joy': 0.041854, 'fear': 0.118931, 'disgust': 0.087073, 'anger': 0.209781}}}}",Energy
75,7/27/18,FSLR,"{'usage': {'text_units': 2, 'text_characters': 15258, 'features': 2}, 'sentiment': {'document': {'score': -0.994045, 'label': 'negative'}}, 'language': 'en', 'emotion': {'document': {'emotion': {'sadness': 0.771813, 'joy': 0.047384, 'fear': 0.111293, 'disgust': 0.072187, 'anger': 0.166865}}}}",Energy
76,4/27/18,FSLR,"{'usage': {'text_units': 2, 'text_characters': 15887, 'features': 2}, 'sentiment': {'document': {'score': 0, 'label': 'neutral'}}, 'language': 'en', 'emotion': {'document': {'emotion': {'sadness': 0.751874, 'joy': 0.045571, 'fear': 0.107784, 'disgust': 0.072832, 'anger': 0.202406}}}}",Energy
77,4/30/21,FSLR,"{'usage': {'text_units': 2, 'text_characters': 11171, 'features': 2}, 'sentiment': {'document': {'score': -0.727844, 'label': 'negative'}}, 'language': 'en', 'emotion': {'document': {'emotion': {'sadness': 0.711528, 'joy': 0.060056, 'fear': 0.178537, 'disgust': 0.025977, 'anger': 0.070062}}}}",Energy
78,10/25/19,FSLR,"{'usage': {'text_units': 2, 'text_characters': 13490, 'features': 2}, 'sentiment': {'document': {'score': -0.994876, 'label': 'negative'}}, 'language': 'en', 'emotion': {'document': {'emotion': {'sadness': 0.818141, 'joy': 0.032647, 'fear': 0.118231, 'disgust': 0.064249, 'anger': 0.153147}}}}",Energy
79,4/23/21,NEE,"{'usage': {'text_units': 2, 'text_characters': 14445, 'features': 2}, 'sentiment': {'document': {'score': -0.601515, 'label': 'negative'}}, 'language': 'en', 'emotion': {'document': {'emotion': {'sadness': 0.70004, 'joy': 0.006928, 'fear': 0.354311, 'disgust': 0.070069, 'anger': 0.083839}}}}",Energy
80,10/23/20,NEE,"{'usage': {'text_units': 2, 'text_characters': 14212, 'features': 2}, 'sentiment': {'document': {'score': -0.872736, 'label': 'negative'}}, 'language': 'en', 'emotion': {'document': {'emotion': {'sadness': 0.729598, 'joy': 0.015906, 'fear': 0.314804, 'disgust': 0.062996, 'anger': 0.076154}}}}",Energy
81,7/24/20,NEE,"{'usage': {'text_units': 2, 'text_characters': 13679, 'features': 2}, 'sentiment': {'document': {'score': -0.872736, 'label': 'negative'}}, 'language': 'en', 'emotion': {'document': {'emotion': {'sadness': 0.732503, 'joy': 0.013262, 'fear': 0.310145, 'disgust': 0.060651, 'anger': 0.078933}}}}",Energy
82,10/23/19,NEE,"{'usage': {'text_units': 2, 'text_characters': 14419, 'features': 2}, 'sentiment': {'document': {'score': -0.872736, 'label': 'negative'}}, 'language': 'en', 'emotion': {'document': {'emotion': {'sadness': 0.676286, 'joy': 0.010867, 'fear': 0.407138, 'disgust': 0.063493, 'anger': 0.070661}}}}",Energy
83,7/24/19,NEE,"{'usage': {'text_units': 2, 'text_characters': 13663, 'features': 2}, 'sentiment': {'document': {'score': -0.872736, 'label': 'negative'}}, 'language': 'en', 'emotion': {'document': {'emotion': {'sadness': 0.702392, 'joy': 0.009554, 'fear': 0.369707, 'disgust': 0.067131, 'anger': 0.080645}}}}",Energy
84,4/23/19,NEE,"{'usage': {'text_units': 2, 'text_characters': 13467, 'features': 2}, 'sentiment': {'document': {'score': -0.661441, 'label': 'negative'}}, 'language': 'en', 'emotion': {'document': {'emotion': {'sadness': 0.716177, 'joy': 0.011946, 'fear': 0.317445, 'disgust': 0.064432, 'anger': 0.084169}}}}",Energy
85,10/23/18,NEE,"{'usage': {'text_units': 2, 'text_characters': 14828, 'features': 2}, 'sentiment': {'document': {'score': -0.807925, 'label': 'negative'}}, 'language': 'en', 'emotion': {'document': {'emotion': {'sadness': 0.686561, 'joy': 0.011464, 'fear': 0.351191, 'disgust': 0.068956, 'anger': 0.081302}}}}",Energy
86,7/25/18,NEE,"{'usage': {'text_units': 2, 'text_characters': 14693, 'features': 2}, 'sentiment': {'document': {'score': -0.807925, 'label': 'negative'}}, 'language': 'en', 'emotion': {'document': {'emotion': {'sadness': 0.688821, 'joy': 0.009785, 'fear': 0.35272, 'disgust': 0.070474, 'anger': 0.08486}}}}",Energy
87,4/24/18,NEE,"{'usage': {'text_units': 2, 'text_characters': 13966, 'features': 2}, 'sentiment': {'document': {'score': -0.661441, 'label': 'negative'}}, 'language': 'en', 'emotion': {'document': {'emotion': {'sadness': 0.693704, 'joy': 0.011186, 'fear': 0.332252, 'disgust': 0.070887, 'anger': 0.086492}}}}",Energy
88,4/23/20,NEE,"{'usage': {'text_units': 2, 'text_characters': 13725, 'features': 2}, 'sentiment': {'document': {'score': -0.651453, 'label': 'negative'}}, 'language': 'en', 'emotion': {'document': {'emotion': {'sadness': 0.741462, 'joy': 0.012834, 'fear': 0.294031, 'disgust': 0.061869, 'anger': 0.083052}}}}",Energy
89,5/8/20,SPWR,"{'usage': {'text_units': 2, 'text_characters': 19779, 'features': 2}, 'sentiment': {'document': {'score': -0.942887, 'label': 'negative'}}, 'language': 'en', 'emotion': {'document': {'emotion': {'sadness': 0.615762, 'joy': 0.154682, 'fear': 0.166408, 'disgust': 0.037397, 'anger': 0.122158}}}}",Energy
90,10/31/19,SPWR,"{'usage': {'text_units': 2, 'text_characters': 17641, 'features': 2}, 'sentiment': {'document': {'score': -0.989583, 'label': 'negative'}}, 'language': 'en', 'emotion': {'document': {'emotion': {'sadness': 0.539293, 'joy': 0.198413, 'fear': 0.212109, 'disgust': 0.022011, 'anger': 0.052781}}}}",Energy
91,8/1/19,SPWR,"{'usage': {'text_units': 2, 'text_characters': 15885, 'features': 2}, 'sentiment': {'document': {'score': -0.991092, 'label': 'negative'}}, 'language': 'en', 'emotion': {'document': {'emotion': {'sadness': 0.360919, 'joy': 0.285247, 'fear': 0.173416, 'disgust': 0.017182, 'anger': 0.038731}}}}",Energy
92,5/10/19,SPWR,"{'usage': {'text_units': 2, 'text_characters': 16755, 'features': 2}, 'sentiment': {'document': {'score': -0.964136, 'label': 'negative'}}, 'language': 'en', 'emotion': {'document': {'emotion': {'sadness': 0.453826, 'joy': 0.234233, 'fear': 0.164935, 'disgust': 0.020826, 'anger': 0.042065}}}}",Energy
93,10/31/18,SPWR,"{'usage': {'text_units': 3, 'text_characters': 23717, 'features': 2}, 'sentiment': {'document': {'score': -0.999394, 'label': 'negative'}}, 'language': 'en', 'emotion': {'document': {'emotion': {'sadness': 0.773142, 'joy': 0.034408, 'fear': 0.208162, 'disgust': 0.06008, 'anger': 0.145285}}}}",Energy
94,8/1/18,SPWR,"{'usage': {'text_units': 3, 'text_characters': 22114, 'features': 2}, 'sentiment': {'document': {'score': -0.997294, 'label': 'negative'}}, 'language': 'en', 'emotion': {'document': {'emotion': {'sadness': 0.786569, 'joy': 0.019568, 'fear': 0.219241, 'disgust': 0.065478, 'anger': 0.144772}}}}",Energy
95,10/30/20,SPWR,"{'usage': {'text_units': 2, 'text_characters': 17099, 'features': 2}, 'sentiment': {'document': {'score': -0.973659, 'label': 'negative'}}, 'language': 'en', 'emotion': {'document': {'emotion': {'sadness': 0.752181, 'joy': 0.106961, 'fear': 0.166532, 'disgust': 0.025233, 'anger': 0.063193}}}}",Energy
96,5/9/18,SPWR,"{'usage': {'text_units': 3, 'text_characters': 21275, 'features': 2}, 'sentiment': {'document': {'score': -0.858525, 'label': 'negative'}}, 'language': 'en', 'emotion': {'document': {'emotion': {'sadness': 0.709374, 'joy': 0.04364, 'fear': 0.25387, 'disgust': 0.064465, 'anger': 0.151006}}}}",Energy
97,8/5/20,SPWR,"{'usage': {'text_units': 2, 'text_characters': 18980, 'features': 2}, 'sentiment': {'document': {'score': -0.879072, 'label': 'negative'}}, 'language': 'en', 'emotion': {'document': {'emotion': {'sadness': 0.649608, 'joy': 0.110109, 'fear': 0.20059, 'disgust': 0.04031, 'anger': 0.138076}}}}",Energy
98,10/26/20,TSLA,"{'usage': {'text_units': 3, 'text_characters': 23561, 'features': 2}, 'sentiment': {'document': {'score': -0.837881, 'label': 'negative'}}, 'language': 'en', 'emotion': {'document': {'emotion': {'sadness': 0.869521, 'joy': 0.007446, 'fear': 0.188041, 'disgust': 0.067037, 'anger': 0.108108}}}}",Auto
99,7/28/20,TSLA,"{'usage': {'text_units': 3, 'text_characters': 25206, 'features': 2}, 'sentiment': {'document': {'score': -0.749519, 'label': 'negative'}}, 'language': 'en', 'emotion': {'document': {'emotion': {'sadness': 0.890888, 'joy': 0.005993, 'fear': 0.166311, 'disgust': 0.063115, 'anger': 0.10333}}}}",Auto
100,4/30/20,TSLA,"{'usage': {'text_units': 3, 'text_characters': 23672, 'features': 2}, 'sentiment': {'document': {'score': -0.808611, 'label': 'negative'}}, 'language': 'en', 'emotion': {'document': {'emotion': {'sadness': 0.891272, 'joy': 0.005284, 'fear': 0.167178, 'disgust': 0.062418, 'anger': 0.103838}}}}",Auto
101,7/29/19,TSLA,"{'usage': {'text_units': 3, 'text_characters': 25137, 'features': 2}, 'sentiment': {'document': {'score': -0.634846, 'label': 'negative'}}, 'language': 'en', 'emotion': {'document': {'emotion': {'sadness': 0.872916, 'joy': 0.007713, 'fear': 0.171289, 'disgust': 0.060657, 'anger': 0.119239}}}}",Auto
102,4/29/19,TSLA,"{'usage': {'text_units': 3, 'text_characters': 24369, 'features': 2}, 'sentiment': {'document': {'score': -0.768208, 'label': 'negative'}}, 'language': 'en', 'emotion': {'document': {'emotion': {'sadness': 0.865861, 'joy': 0.009472, 'fear': 0.184052, 'disgust': 0.063696, 'anger': 0.110626}}}}",Auto
103,8/6/18,TSLA,"{'usage': {'text_units': 3, 'text_characters': 23108, 'features': 2}, 'sentiment': {'document': {'score': -0.918691, 'label': 'negative'}}, 'language': 'en', 'emotion': {'document': {'emotion': {'sadness': 0.872912, 'joy': 0.008684, 'fear': 0.169864, 'disgust': 0.065514, 'anger': 0.115725}}}}",Auto
104,5/7/18,TSLA,"{'usage': {'text_units': 3, 'text_characters': 22072, 'features': 2}, 'sentiment': {'document': {'score': -0.824169, 'label': 'negative'}}, 'language': 'en', 'emotion': {'document': {'emotion': {'sadness': 0.857261, 'joy': 0.009923, 'fear': 0.186393, 'disgust': 0.063119, 'anger': 0.120229}}}}",Auto
105,4/28/21,TSLA,"{'usage': {'text_units': 3, 'text_characters': 22846, 'features': 2}, 'sentiment': {'document': {'score': -0.797561, 'label': 'negative'}}, 'language': 'en', 'emotion': {'document': {'emotion': {'sadness': 0.828091, 'joy': 0.007168, 'fear': 0.249256, 'disgust': 0.066111, 'anger': 0.111258}}}}",Auto
106,10/29/19,TSLA,"{'usage': {'text_units': 3, 'text_characters': 25478, 'features': 2}, 'sentiment': {'document': {'score': -0.634846, 'label': 'negative'}}, 'language': 'en', 'emotion': {'document': {'emotion': {'sadness': 0.877947, 'joy': 0.006573, 'fear': 0.171018, 'disgust': 0.064718, 'anger': 0.113045}}}}",Auto
107,11/2/18,TSLA,"{'usage': {'text_units': 3, 'text_characters': 26357, 'features': 2}, 'sentiment': {'document': {'score': -0.869014, 'label': 'negative'}}, 'language': 'en', 'emotion': {'document': {'emotion': {'sadness': 0.863648, 'joy': 0.007398, 'fear': 0.168308, 'disgust': 0.068951, 'anger': 0.13339}}}}",Auto
108,4/29/21,F,"{'usage': {'text_units': 2, 'text_characters': 10547, 'features': 2}, 'sentiment': {'document': {'score': -0.994684, 'label': 'negative'}}, 'language': 'en', 'emotion': {'document': {'emotion': {'sadness': 0.653739, 'joy': 0.039393, 'fear': 0.227966, 'disgust': 0.050996, 'anger': 0.123018}}}}",Auto
109,10/29/20,F,"{'usage': {'text_units': 2, 'text_characters': 11742, 'features': 2}, 'sentiment': {'document': {'score': -0.965094, 'label': 'negative'}}, 'language': 'en', 'emotion': {'document': {'emotion': {'sadness': 0.64969, 'joy': 0.015646, 'fear': 0.401488, 'disgust': 0.04794, 'anger': 0.108852}}}}",Auto
110,7/31/20,F,"{'usage': {'text_units': 2, 'text_characters': 12206, 'features': 2}, 'sentiment': {'document': {'score': -0.961782, 'label': 'negative'}}, 'language': 'en', 'emotion': {'document': {'emotion': {'sadness': 0.717764, 'joy': 0.010595, 'fear': 0.307783, 'disgust': 0.063676, 'anger': 0.140571}}}}",Auto
111,10/24/19,F,"{'usage': {'text_units': 1, 'text_characters': 9970, 'features': 2}, 'sentiment': {'document': {'score': -0.973784, 'label': 'negative'}}, 'language': 'en', 'emotion': {'document': {'emotion': {'sadness': 0.761075, 'joy': 0.009793, 'fear': 0.260412, 'disgust': 0.071102, 'anger': 0.127205}}}}",Auto
112,7/25/19,F,"{'usage': {'text_units': 1, 'text_characters': 8126, 'features': 2}, 'sentiment': {'document': {'score': -0.98381, 'label': 'negative'}}, 'language': 'en', 'emotion': {'document': {'emotion': {'sadness': 0.702507, 'joy': 0.014986, 'fear': 0.34185, 'disgust': 0.063595, 'anger': 0.097769}}}}",Auto
113,4/26/19,F,"{'usage': {'text_units': 1, 'text_characters': 8614, 'features': 2}, 'sentiment': {'document': {'score': -0.770744, 'label': 'negative'}}, 'language': 'en', 'emotion': {'document': {'emotion': {'sadness': 0.747872, 'joy': 0.046202, 'fear': 0.258569, 'disgust': 0.041752, 'anger': 0.071636}}}}",Auto
114,10/25/18,F,"{'usage': {'text_units': 1, 'text_characters': 7293, 'features': 2}, 'sentiment': {'document': {'score': -0.980173, 'label': 'negative'}}, 'language': 'en', 'emotion': {'document': {'emotion': {'sadness': 0.737815, 'joy': 0.033192, 'fear': 0.241808, 'disgust': 0.050745, 'anger': 0.075287}}}}",Auto
115,4/29/20,F,"{'usage': {'text_units': 2, 'text_characters': 13101, 'features': 2}, 'sentiment': {'document': {'score': -0.979268, 'label': 'negative'}}, 'language': 'en', 'emotion': {'document': {'emotion': {'sadness': 0.761316, 'joy': 0.005785, 'fear': 0.290026, 'disgust': 0.051865, 'anger': 0.124511}}}}",Auto
116,7/26/18,F,"{'usage': {'text_units': 1, 'text_characters': 8012, 'features': 2}, 'sentiment': {'document': {'score': -0.990198, 'label': 'negative'}}, 'language': 'en', 'emotion': {'document': {'emotion': {'sadness': 0.730149, 'joy': 0.010877, 'fear': 0.302792, 'disgust': 0.07957, 'anger': 0.11928}}}}",Auto
117,4/26/18,F,"{'usage': {'text_units': 1, 'text_characters': 7503, 'features': 2}, 'sentiment': {'document': {'score': -0.75304, 'label': 'negative'}}, 'language': 'en', 'emotion': {'document': {'emotion': {'sadness': 0.67821, 'joy': 0.046597, 'fear': 0.262044, 'disgust': 0.045324, 'anger': 0.075497}}}}",Auto
118,11/7/19,NKLA,"{'usage': {'text_units': 1, 'text_characters': 4029, 'features': 2}, 'sentiment': {'document': {'score': -0.666044, 'label': 'negative'}}, 'language': 'en', 'emotion': {'document': {'emotion': {'sadness': 0.701611, 'joy': 0.024146, 'fear': 0.227568, 'disgust': 0.029855, 'anger': 0.07283}}}}",Auto
119,8/8/19,NKLA,"{'usage': {'text_units': 1, 'text_characters': 4035, 'features': 2}, 'sentiment': {'document': {'score': -0.766119, 'label': 'negative'}}, 'language': 'en', 'emotion': {'document': {'emotion': {'sadness': 0.681182, 'joy': 0.023915, 'fear': 0.233984, 'disgust': 0.029121, 'anger': 0.066195}}}}",Auto
120,5/10/19,NKLA,"{'usage': {'text_units': 1, 'text_characters': 4050, 'features': 2}, 'sentiment': {'document': {'score': 0, 'label': 'neutral'}}, 'language': 'en', 'emotion': {'document': {'emotion': {'sadness': 0.713169, 'joy': 0.024113, 'fear': 0.211792, 'disgust': 0.030519, 'anger': 0.072982}}}}",Auto
121,8/13/18,NKLA,"{'usage': {'text_units': 1, 'text_characters': 3642, 'features': 2}, 'sentiment': {'document': {'score': -0.861703, 'label': 'negative'}}, 'language': 'en', 'emotion': {'document': {'emotion': {'sadness': 0.682697, 'joy': 0.028601, 'fear': 0.225899, 'disgust': 0.023121, 'anger': 0.061435}}}}",Auto
122,11/9/20,NKLA,"{'usage': {'text_units': 3, 'text_characters': 21531, 'features': 2}, 'sentiment': {'document': {'score': -0.930738, 'label': 'negative'}}, 'language': 'en', 'emotion': {'document': {'emotion': {'sadness': 0.88879, 'joy': 0.002094, 'fear': 0.163456, 'disgust': 0.072787, 'anger': 0.117401}}}}",Auto
123,5/11/20,NKLA,"{'usage': {'text_units': 1, 'text_characters': 5607, 'features': 2}, 'sentiment': {'document': {'score': 0, 'label': 'neutral'}}, 'language': 'en', 'emotion': {'document': {'emotion': {'sadness': 0.679374, 'joy': 0.030781, 'fear': 0.185664, 'disgust': 0.024202, 'anger': 0.064336}}}}",Auto
124,11/8/18,NKLA,"{'usage': {'text_units': 1, 'text_characters': 3604, 'features': 2}, 'sentiment': {'document': {'score': -0.833742, 'label': 'negative'}}, 'language': 'en', 'emotion': {'document': {'emotion': {'sadness': 0.695854, 'joy': 0.024403, 'fear': 0.220787, 'disgust': 0.027109, 'anger': 0.072894}}}}",Auto
125,8/4/20,NKLA,"{'usage': {'text_units': 2, 'text_characters': 17998, 'features': 2}, 'sentiment': {'document': {'score': -0.963677, 'label': 'negative'}}, 'language': 'en', 'emotion': {'document': {'emotion': {'sadness': 0.875484, 'joy': 0.003035, 'fear': 0.213205, 'disgust': 0.065469, 'anger': 0.084961}}}}",Auto
126,9/11/20,CCIV,"{'usage': {'text_units': 1, 'text_characters': 4104, 'features': 2}, 'sentiment': {'document': {'score': -0.757328, 'label': 'negative'}}, 'language': 'en', 'emotion': {'document': {'emotion': {'sadness': 0.743597, 'joy': 0.014243, 'fear': 0.247646, 'disgust': 0.026407, 'anger': 0.068999}}}}",Auto
127,11/9/20,CCIV,"{'usage': {'text_units': 1, 'text_characters': 4483, 'features': 2}, 'sentiment': {'document': {'score': -0.781339, 'label': 'negative'}}, 'language': 'en', 'emotion': {'document': {'emotion': {'sadness': 0.780206, 'joy': 0.018132, 'fear': 0.204499, 'disgust': 0.020814, 'anger': 0.062113}}}}",Auto
0,7/29/20,GM,"{'usage': {'text_units': 2, 'text_characters': 15182, 'features': 2}, 'sentiment': {'document': {'score': -0.99721, 'label': 'negative'}}, 'language': 'en', 'emotion': {'document': {'emotion': {'sadness': 0.81237, 'joy': 0.006986, 'fear': 0.210693, 'disgust': 0.082004, 'anger': 0.088929}}}}",Auto
1,5/6/20,GM,"{'usage': {'text_units': 2, 'text_characters': 15231, 'features': 2}, 'sentiment': {'document': {'score': -0.931157, 'label': 'negative'}}, 'language': 'en', 'emotion': {'document': {'emotion': {'sadness': 0.821789, 'joy': 0.005699, 'fear': 0.221282, 'disgust': 0.082677, 'anger': 0.085344}}}}",Auto
2,10/29/19,GM,"{'usage': {'text_units': 2, 'text_characters': 12976, 'features': 2}, 'sentiment': {'document': {'score': -0.929074, 'label': 'negative'}}, 'language': 'en', 'emotion': {'document': {'emotion': {'sadness': 0.779061, 'joy': 0.0074, 'fear': 0.257452, 'disgust': 0.093488, 'anger': 0.094484}}}}",Auto
3,8/1/19,GM,"{'usage': {'text_units': 2, 'text_characters': 12282, 'features': 2}, 'sentiment': {'document': {'score': -0.894349, 'label': 'negative'}}, 'language': 'en', 'emotion': {'document': {'emotion': {'sadness': 0.741921, 'joy': 0.013599, 'fear': 0.287029, 'disgust': 0.093191, 'anger': 0.09025}}}}",Auto
4,4/30/19,GM,"{'usage': {'text_units': 2, 'text_characters': 12007, 'features': 2}, 'sentiment': {'document': {'score': -0.743919, 'label': 'negative'}}, 'language': 'en', 'emotion': {'document': {'emotion': {'sadness': 0.742726, 'joy': 0.012589, 'fear': 0.272027, 'disgust': 0.090641, 'anger': 0.093378}}}}",Auto
5,10/31/18,GM,"{'usage': {'text_units': 2, 'text_characters': 14657, 'features': 2}, 'sentiment': {'document': {'score': -0.995483, 'label': 'negative'}}, 'language': 'en', 'emotion': {'document': {'emotion': {'sadness': 0.811907, 'joy': 0.009287, 'fear': 0.216355, 'disgust': 0.087232, 'anger': 0.100817}}}}",Auto
6,7/25/18,GM,"{'usage': {'text_units': 2, 'text_characters': 13977, 'features': 2}, 'sentiment': {'document': {'score': -0.96559, 'label': 'negative'}}, 'language': 'en', 'emotion': {'document': {'emotion': {'sadness': 0.815317, 'joy': 0.014526, 'fear': 0.199496, 'disgust': 0.081975, 'anger': 0.101876}}}}",Auto
7,4/26/18,GM,"{'usage': {'text_units': 2, 'text_characters': 13487, 'features': 2}, 'sentiment': {'document': {'score': -0.712873, 'label': 'negative'}}, 'language': 'en', 'emotion': {'document': {'emotion': {'sadness': 0.800965, 'joy': 0.011576, 'fear': 0.220395, 'disgust': 0.080005, 'anger': 0.10348}}}}",Auto
8,11/5/20,GM,"{'usage': {'text_units': 2, 'text_characters': 14937, 'features': 2}, 'sentiment': {'document': {'score': -0.975074, 'label': 'negative'}}, 'language': 'en', 'emotion': {'document': {'emotion': {'sadness': 0.796238, 'joy': 0.007835, 'fear': 0.237468, 'disgust': 0.079302, 'anger': 0.078573}}}}",Auto
9,4/29/21,V,"{'usage': {'text_units': 1, 'text_characters': 6464, 'features': 2}, 'sentiment': {'document': {'score': -0.90027, 'label': 'negative'}}, 'language': 'en', 'emotion': {'document': {'emotion': {'sadness': 0.635136, 'joy': 0.034925, 'fear': 0.242267, 'disgust': 0.083307, 'anger': 0.115629}}}}",Finance
10,7/31/20,V,"{'usage': {'text_units': 1, 'text_characters': 7082, 'features': 2}, 'sentiment': {'document': {'score': -0.996084, 'label': 'negative'}}, 'language': 'en', 'emotion': {'document': {'emotion': {'sadness': 0.552417, 'joy': 0.024968, 'fear': 0.253872, 'disgust': 0.085709, 'anger': 0.161905}}}}",Finance
11,1/31/20,V,"{'usage': {'text_units': 1, 'text_characters': 5071, 'features': 2}, 'sentiment': {'document': {'score': -0.997778, 'label': 'negative'}}, 'language': 'en', 'emotion': {'document': {'emotion': {'sadness': 0.522278, 'joy': 0.025172, 'fear': 0.352078, 'disgust': 0.078689, 'anger': 0.108316}}}}",Finance
12,7/26/19,V,"{'usage': {'text_units': 1, 'text_characters': 6519, 'features': 2}, 'sentiment': {'document': {'score': -0.999248, 'label': 'negative'}}, 'language': 'en', 'emotion': {'document': {'emotion': {'sadness': 0.389162, 'joy': 0.039376, 'fear': 0.402176, 'disgust': 0.056392, 'anger': 0.063326}}}}",Finance
13,4/26/19,V,"{'usage': {'text_units': 1, 'text_characters': 6602, 'features': 2}, 'sentiment': {'document': {'score': -0.988536, 'label': 'negative'}}, 'language': 'en', 'emotion': {'document': {'emotion': {'sadness': 0.344789, 'joy': 0.04707, 'fear': 0.358941, 'disgust': 0.04654, 'anger': 0.05725}}}}",Finance
14,1/31/19,V,"{'usage': {'text_units': 1, 'text_characters': 5305, 'features': 2}, 'sentiment': {'document': {'score': -0.991439, 'label': 'negative'}}, 'language': 'en', 'emotion': {'document': {'emotion': {'sadness': 0.367708, 'joy': 0.047003, 'fear': 0.375086, 'disgust': 0.053292, 'anger': 0.050141}}}}",Finance
15,4/27/18,V,"{'usage': {'text_units': 1, 'text_characters': 6539, 'features': 2}, 'sentiment': {'document': {'score': -0.841204, 'label': 'negative'}}, 'language': 'en', 'emotion': {'document': {'emotion': {'sadness': 0.487756, 'joy': 0.040593, 'fear': 0.258675, 'disgust': 0.131608, 'anger': 0.169777}}}}",Finance
16,7/27/18,V,"{'usage': {'text_units': 1, 'text_characters': 6902, 'features': 2}, 'sentiment': {'document': {'score': -0.985787, 'label': 'negative'}}, 'language': 'en', 'emotion': {'document': {'emotion': {'sadness': 0.532188, 'joy': 0.023773, 'fear': 0.226232, 'disgust': 0.11765, 'anger': 0.188287}}}}",Finance
17,5/4/20,V,"{'usage': {'text_units': 1, 'text_characters': 7429, 'features': 2}, 'sentiment': {'document': {'score': -0.96906, 'label': 'negative'}}, 'language': 'en', 'emotion': {'document': {'emotion': {'sadness': 0.607119, 'joy': 0.020989, 'fear': 0.372887, 'disgust': 0.095655, 'anger': 0.122846}}}}",Finance
18,1/29/21,V,"{'usage': {'text_units': 1, 'text_characters': 5211, 'features': 2}, 'sentiment': {'document': {'score': -0.972087, 'label': 'negative'}}, 'language': 'en', 'emotion': {'document': {'emotion': {'sadness': 0.546997, 'joy': 0.058701, 'fear': 0.311981, 'disgust': 0.053009, 'anger': 0.063647}}}}",Finance
19,11/2/20,JPM,"{'usage': {'text_units': 4, 'text_characters': 39635, 'features': 2}, 'sentiment': {'document': {'score': -0.818965, 'label': 'negative'}}, 'language': 'en', 'emotion': {'document': {'emotion': {'sadness': 0.644362, 'joy': 0.006779, 'fear': 0.41586, 'disgust': 0.088054, 'anger': 0.142812}}}}",Finance
20,11/4/19,JPM,"{'usage': {'text_units': 3, 'text_characters': 29496, 'features': 2}, 'sentiment': {'document': {'score': 0, 'label': 'neutral'}}, 'language': 'en', 'emotion': {'document': {'emotion': {'sadness': 0.660639, 'joy': 0.013116, 'fear': 0.314924, 'disgust': 0.088166, 'anger': 0.165134}}}}",Finance
21,10/31/18,JPM,"{'usage': {'text_units': 4, 'text_characters': 32527, 'features': 2}, 'sentiment': {'document': {'score': -0.705879, 'label': 'negative'}}, 'language': 'en', 'emotion': {'document': {'emotion': {'sadness': 0.62784, 'joy': 0.023195, 'fear': 0.388779, 'disgust': 0.078423, 'anger': 0.106993}}}}",Finance
22,8/1/18,JPM,"{'usage': {'text_units': 4, 'text_characters': 32005, 'features': 2}, 'sentiment': {'document': {'score': -0.735811, 'label': 'negative'}}, 'language': 'en', 'emotion': {'document': {'emotion': {'sadness': 0.622804, 'joy': 0.019578, 'fear': 0.376023, 'disgust': 0.083755, 'anger': 0.126455}}}}",Finance
23,8/3/20,JPM,"{'usage': {'text_units': 4, 'text_characters': 38802, 'features': 2}, 'sentiment': {'document': {'score': -0.666649, 'label': 'negative'}}, 'language': 'en', 'emotion': {'document': {'emotion': {'sadness': 0.620362, 'joy': 0.008134, 'fear': 0.433943, 'disgust': 0.085404, 'anger': 0.143536}}}}",Finance
24,5/7/20,JPM,"{'usage': {'text_units': 4, 'text_characters': 38797, 'features': 2}, 'sentiment': {'document': {'score': 0, 'label': 'neutral'}}, 'language': 'en', 'emotion': {'document': {'emotion': {'sadness': 0.672386, 'joy': 0.006818, 'fear': 0.374625, 'disgust': 0.087553, 'anger': 0.150583}}}}",Finance
25,5/2/18,JPM,"{'usage': {'text_units': 4, 'text_characters': 33444, 'features': 2}, 'sentiment': {'document': {'score': 0, 'label': 'neutral'}}, 'language': 'en', 'emotion': {'document': {'emotion': {'sadness': 0.62095, 'joy': 0.018803, 'fear': 0.37715, 'disgust': 0.086288, 'anger': 0.122966}}}}",Finance
26,8/6/19,JPM,"{'usage': {'text_units': 3, 'text_characters': 29169, 'features': 2}, 'sentiment': {'document': {'score': 0, 'label': 'neutral'}}, 'language': 'en', 'emotion': {'document': {'emotion': {'sadness': 0.648811, 'joy': 0.011133, 'fear': 0.355081, 'disgust': 0.083016, 'anger': 0.120884}}}}",Finance
27,5/2/19,JPM,"{'usage': {'text_units': 3, 'text_characters': 29973, 'features': 2}, 'sentiment': {'document': {'score': 0, 'label': 'neutral'}}, 'language': 'en', 'emotion': {'document': {'emotion': {'sadness': 0.662945, 'joy': 0.013451, 'fear': 0.344561, 'disgust': 0.085831, 'anger': 0.117225}}}}",Finance
28,10/30/20,BAC,"{'usage': {'text_units': 3, 'text_characters': 29250, 'features': 2}, 'sentiment': {'document': {'score': -0.574911, 'label': 'negative'}}, 'language': 'en', 'emotion': {'document': {'emotion': {'sadness': 0.613886, 'joy': 0.027706, 'fear': 0.483142, 'disgust': 0.027467, 'anger': 0.062851}}}}",Finance
29,7/31/20,BAC,"{'usage': {'text_units': 4, 'text_characters': 30008, 'features': 2}, 'sentiment': {'document': {'score': -0.644218, 'label': 'negative'}}, 'language': 'en', 'emotion': {'document': {'emotion': {'sadness': 0.65195, 'joy': 0.022548, 'fear': 0.445124, 'disgust': 0.036264, 'anger': 0.069721}}}}",Finance
30,10/28/19,BAC,"{'usage': {'text_units': 3, 'text_characters': 23709, 'features': 2}, 'sentiment': {'document': {'score': -0.602741, 'label': 'negative'}}, 'language': 'en', 'emotion': {'document': {'emotion': {'sadness': 0.555747, 'joy': 0.051023, 'fear': 0.44448, 'disgust': 0.029614, 'anger': 0.098337}}}}",Finance
31,4/26/19,BAC,"{'usage': {'text_units': 3, 'text_characters': 27357, 'features': 2}, 'sentiment': {'document': {'score': -0.583814, 'label': 'negative'}}, 'language': 'en', 'emotion': {'document': {'emotion': {'sadness': 0.524652, 'joy': 0.066577, 'fear': 0.456512, 'disgust': 0.022549, 'anger': 0.08545}}}}",Finance
32,7/30/18,BAC,"{'usage': {'text_units': 3, 'text_characters': 27934, 'features': 2}, 'sentiment': {'document': {'score': 0, 'label': 'neutral'}}, 'language': 'en', 'emotion': {'document': {'emotion': {'sadness': 0.571896, 'joy': 0.048948, 'fear': 0.43908, 'disgust': 0.026523, 'anger': 0.088995}}}}",Finance
33,4/30/18,BAC,"{'usage': {'text_units': 4, 'text_characters': 31433, 'features': 2}, 'sentiment': {'document': {'score': 0, 'label': 'neutral'}}, 'language': 'en', 'emotion': {'document': {'emotion': {'sadness': 0.604492, 'joy': 0.057441, 'fear': 0.383695, 'disgust': 0.027394, 'anger': 0.103341}}}}",Finance
34,4/29/21,BAC,"{'usage': {'text_units': 3, 'text_characters': 26188, 'features': 2}, 'sentiment': {'document': {'score': -0.442511, 'label': 'negative'}}, 'language': 'en', 'emotion': {'document': {'emotion': {'sadness': 0.471342, 'joy': 0.090895, 'fear': 0.489782, 'disgust': 0.018562, 'anger': 0.057498}}}}",Finance
35,5/1/20,BAC,"{'usage': {'text_units': 4, 'text_characters': 31055, 'features': 2}, 'sentiment': {'document': {'score': -0.529242, 'label': 'negative'}}, 'language': 'en', 'emotion': {'document': {'emotion': {'sadness': 0.666836, 'joy': 0.019627, 'fear': 0.424303, 'disgust': 0.03437, 'anger': 0.077606}}}}",Finance
36,7/29/19,BAC,"{'usage': {'text_units': 3, 'text_characters': 24614, 'features': 2}, 'sentiment': {'document': {'score': -0.602741, 'label': 'negative'}}, 'language': 'en', 'emotion': {'document': {'emotion': {'sadness': 0.579954, 'joy': 0.042365, 'fear': 0.432292, 'disgust': 0.030516, 'anger': 0.09568}}}}",Finance
37,10/29/18,BAC,"{'usage': {'text_units': 3, 'text_characters': 27223, 'features': 2}, 'sentiment': {'document': {'score': 0, 'label': 'neutral'}}, 'language': 'en', 'emotion': {'document': {'emotion': {'sadness': 0.586826, 'joy': 0.040731, 'fear': 0.442686, 'disgust': 0.02844, 'anger': 0.101831}}}}",Finance
38,4/29/21,MA,"{'usage': {'text_units': 2, 'text_characters': 11587, 'features': 2}, 'sentiment': {'document': {'score': 0, 'label': 'neutral'}}, 'language': 'en', 'emotion': {'document': {'emotion': {'sadness': 0.54022, 'joy': 0.007679, 'fear': 0.206476, 'disgust': 0.168031, 'anger': 0.403787}}}}",Finance
39,10/28/20,MA,"{'usage': {'text_units': 2, 'text_characters': 11423, 'features': 2}, 'sentiment': {'document': {'score': 0, 'label': 'neutral'}}, 'language': 'en', 'emotion': {'document': {'emotion': {'sadness': 0.507139, 'joy': 0.016483, 'fear': 0.211863, 'disgust': 0.148506, 'anger': 0.412453}}}}",Finance
40,4/29/20,MA,"{'usage': {'text_units': 2, 'text_characters': 11278, 'features': 2}, 'sentiment': {'document': {'score': 0, 'label': 'neutral'}}, 'language': 'en', 'emotion': {'document': {'emotion': {'sadness': 0.57083, 'joy': 0.006513, 'fear': 0.201962, 'disgust': 0.148722, 'anger': 0.392951}}}}",Finance
41,10/29/19,MA,"{'usage': {'text_units': 2, 'text_characters': 10286, 'features': 2}, 'sentiment': {'document': {'score': 0, 'label': 'neutral'}}, 'language': 'en', 'emotion': {'document': {'emotion': {'sadness': 0.565596, 'joy': 0.006424, 'fear': 0.226043, 'disgust': 0.144811, 'anger': 0.375447}}}}",Finance
42,7/30/19,MA,"{'usage': {'text_units': 2, 'text_characters': 10274, 'features': 2}, 'sentiment': {'document': {'score': 0, 'label': 'neutral'}}, 'language': 'en', 'emotion': {'document': {'emotion': {'sadness': 0.565908, 'joy': 0.007363, 'fear': 0.224291, 'disgust': 0.139965, 'anger': 0.377578}}}}",Finance
43,10/30/18,MA,"{'usage': {'text_units': 2, 'text_characters': 12795, 'features': 2}, 'sentiment': {'document': {'score': -0.63162, 'label': 'negative'}}, 'language': 'en', 'emotion': {'document': {'emotion': {'sadness': 0.513899, 'joy': 0.026438, 'fear': 0.207472, 'disgust': 0.16136, 'anger': 0.353926}}}}",Finance
44,7/26/18,MA,"{'usage': {'text_units': 2, 'text_characters': 12275, 'features': 2}, 'sentiment': {'document': {'score': -0.63162, 'label': 'negative'}}, 'language': 'en', 'emotion': {'document': {'emotion': {'sadness': 0.496333, 'joy': 0.031385, 'fear': 0.21309, 'disgust': 0.163757, 'anger': 0.36973}}}}",Finance
45,7/30/20,MA,"{'usage': {'text_units': 2, 'text_characters': 10865, 'features': 2}, 'sentiment': {'document': {'score': -0.570921, 'label': 'negative'}}, 'language': 'en', 'emotion': {'document': {'emotion': {'sadness': 0.513181, 'joy': 0.010187, 'fear': 0.212704, 'disgust': 0.149655, 'anger': 0.42977}}}}",Finance
46,4/30/19,MA,"{'usage': {'text_units': 2, 'text_characters': 10330, 'features': 2}, 'sentiment': {'document': {'score': 0, 'label': 'neutral'}}, 'language': 'en', 'emotion': {'document': {'emotion': {'sadness': 0.574555, 'joy': 0.007011, 'fear': 0.21841, 'disgust': 0.140888, 'anger': 0.360402}}}}",Finance
47,5/2/18,MA,"{'usage': {'text_units': 2, 'text_characters': 12505, 'features': 2}, 'sentiment': {'document': {'score': 0, 'label': 'neutral'}}, 'language': 'en', 'emotion': {'document': {'emotion': {'sadness': 0.515461, 'joy': 0.030532, 'fear': 0.197878, 'disgust': 0.151953, 'anger': 0.385492}}}}",Finance
48,11/3/20,PYPL,"{'usage': {'text_units': 3, 'text_characters': 24415, 'features': 2}, 'sentiment': {'document': {'score': -0.999388, 'label': 'negative'}}, 'language': 'en', 'emotion': {'document': {'emotion': {'sadness': 0.822051, 'joy': 0.005078, 'fear': 0.214765, 'disgust': 0.085037, 'anger': 0.132939}}}}",Finance
49,7/30/20,PYPL,"{'usage': {'text_units': 3, 'text_characters': 22674, 'features': 2}, 'sentiment': {'document': {'score': -0.999019, 'label': 'negative'}}, 'language': 'en', 'emotion': {'document': {'emotion': {'sadness': 0.826594, 'joy': 0.004998, 'fear': 0.203083, 'disgust': 0.090165, 'anger': 0.132702}}}}",Finance
50,10/24/19,PYPL,"{'usage': {'text_units': 3, 'text_characters': 22278, 'features': 2}, 'sentiment': {'document': {'score': -0.999727, 'label': 'negative'}}, 'language': 'en', 'emotion': {'document': {'emotion': {'sadness': 0.825908, 'joy': 0.005491, 'fear': 0.226771, 'disgust': 0.08322, 'anger': 0.114183}}}}",Finance
51,7/25/19,PYPL,"{'usage': {'text_units': 2, 'text_characters': 19574, 'features': 2}, 'sentiment': {'document': {'score': -0.999735, 'label': 'negative'}}, 'language': 'en', 'emotion': {'document': {'emotion': {'sadness': 0.828689, 'joy': 0.003687, 'fear': 0.225457, 'disgust': 0.087765, 'anger': 0.113137}}}}",Finance
52,4/25/19,PYPL,"{'usage': {'text_units': 2, 'text_characters': 19394, 'features': 2}, 'sentiment': {'document': {'score': -0.986477, 'label': 'negative'}}, 'language': 'en', 'emotion': {'document': {'emotion': {'sadness': 0.839179, 'joy': 0.00372, 'fear': 0.195088, 'disgust': 0.096949, 'anger': 0.113832}}}}",Finance
53,7/26/18,PYPL,"{'usage': {'text_units': 3, 'text_characters': 25133, 'features': 2}, 'sentiment': {'document': {'score': -0.944441, 'label': 'negative'}}, 'language': 'en', 'emotion': {'document': {'emotion': {'sadness': 0.832701, 'joy': 0.00215, 'fear': 0.18526, 'disgust': 0.102028, 'anger': 0.149155}}}}",Finance
54,10/23/18,PYPL,"{'usage': {'text_units': 3, 'text_characters': 26872, 'features': 2}, 'sentiment': {'document': {'score': -0.944441, 'label': 'negative'}}, 'language': 'en', 'emotion': {'document': {'emotion': {'sadness': 0.831297, 'joy': 0.002051, 'fear': 0.189676, 'disgust': 0.096615, 'anger': 0.152128}}}}",Finance
55,4/26/18,PYPL,"{'usage': {'text_units': 2, 'text_characters': 19949, 'features': 2}, 'sentiment': {'document': {'score': -0.95476, 'label': 'negative'}}, 'language': 'en', 'emotion': {'document': {'emotion': {'sadness': 0.844272, 'joy': 0.002656, 'fear': 0.192864, 'disgust': 0.091735, 'anger': 0.126869}}}}",Finance
56,5/7/20,PYPL,"{'usage': {'text_units': 2, 'text_characters': 18877, 'features': 2}, 'sentiment': {'document': {'score': -0.978387, 'label': 'negative'}}, 'language': 'en', 'emotion': {'document': {'emotion': {'sadness': 0.794993, 'joy': 0.007021, 'fear': 0.23527, 'disgust': 0.100083, 'anger': 0.115371}}}}",Finance
57,10/29/20,AMT,"{'usage': {'text_units': 2, 'text_characters': 11698, 'features': 2}, 'sentiment': {'document': {'score': -0.900606, 'label': 'negative'}}, 'language': 'en', 'emotion': {'document': {'emotion': {'sadness': 0.543568, 'joy': 0.056092, 'fear': 0.252996, 'disgust': 0.038541, 'anger': 0.0644}}}}",Real Estate
58,7/30/20,AMT,"{'usage': {'text_units': 2, 'text_characters': 11397, 'features': 2}, 'sentiment': {'document': {'score': -0.637531, 'label': 'negative'}}, 'language': 'en', 'emotion': {'document': {'emotion': {'sadness': 0.562872, 'joy': 0.049914, 'fear': 0.27641, 'disgust': 0.040127, 'anger': 0.07062}}}}",Real Estate
59,10/31/19,AMT,"{'usage': {'text_units': 2, 'text_characters': 11493, 'features': 2}, 'sentiment': {'document': {'score': -0.845304, 'label': 'negative'}}, 'language': 'en', 'emotion': {'document': {'emotion': {'sadness': 0.624329, 'joy': 0.03782, 'fear': 0.214807, 'disgust': 0.045258, 'anger': 0.094978}}}}",Real Estate
60,7/31/19,AMT,"{'usage': {'text_units': 2, 'text_characters': 10437, 'features': 2}, 'sentiment': {'document': {'score': -0.886443, 'label': 'negative'}}, 'language': 'en', 'emotion': {'document': {'emotion': {'sadness': 0.533362, 'joy': 0.05375, 'fear': 0.220918, 'disgust': 0.041321, 'anger': 0.055854}}}}",Real Estate
61,5/3/19,AMT,"{'usage': {'text_units': 1, 'text_characters': 9980, 'features': 2}, 'sentiment': {'document': {'score': 0, 'label': 'neutral'}}, 'language': 'en', 'emotion': {'document': {'emotion': {'sadness': 0.482197, 'joy': 0.053682, 'fear': 0.223333, 'disgust': 0.038989, 'anger': 0.052685}}}}",Real Estate
62,10/30/18,AMT,"{'usage': {'text_units': 2, 'text_characters': 12509, 'features': 2}, 'sentiment': {'document': {'score': -0.662379, 'label': 'negative'}}, 'language': 'en', 'emotion': {'document': {'emotion': {'sadness': 0.46267, 'joy': 0.054357, 'fear': 0.219537, 'disgust': 0.040589, 'anger': 0.052506}}}}",Real Estate
63,7/31/18,AMT,"{'usage': {'text_units': 2, 'text_characters': 12604, 'features': 2}, 'sentiment': {'document': {'score': -0.750602, 'label': 'negative'}}, 'language': 'en', 'emotion': {'document': {'emotion': {'sadness': 0.519755, 'joy': 0.055915, 'fear': 0.208506, 'disgust': 0.041372, 'anger': 0.062415}}}}",Real Estate
64,5/2/18,AMT,"{'usage': {'text_units': 2, 'text_characters': 10688, 'features': 2}, 'sentiment': {'document': {'score': 0, 'label': 'neutral'}}, 'language': 'en', 'emotion': {'document': {'emotion': {'sadness': 0.390212, 'joy': 0.091664, 'fear': 0.203415, 'disgust': 0.02852, 'anger': 0.037242}}}}",Real Estate
65,4/29/21,AMT,"{'usage': {'text_units': 2, 'text_characters': 12511, 'features': 2}, 'sentiment': {'document': {'score': 0, 'label': 'neutral'}}, 'language': 'en', 'emotion': {'document': {'emotion': {'sadness': 0.584884, 'joy': 0.053503, 'fear': 0.281717, 'disgust': 0.032243, 'anger': 0.069275}}}}",Real Estate
66,4/29/20,AMT,"{'usage': {'text_units': 2, 'text_characters': 14398, 'features': 2}, 'sentiment': {'document': {'score': 0, 'label': 'neutral'}}, 'language': 'en', 'emotion': {'document': {'emotion': {'sadness': 0.843403, 'joy': 0.004648, 'fear': 0.169261, 'disgust': 0.060898, 'anger': 0.148135}}}}",Real Estate
67,4/29/21,CBRE,"{'usage': {'text_units': 1, 'text_characters': 9944, 'features': 2}, 'sentiment': {'document': {'score': -0.712499, 'label': 'negative'}}, 'language': 'en', 'emotion': {'document': {'emotion': {'sadness': 0.383689, 'joy': 0.126272, 'fear': 0.454425, 'disgust': 0.018008, 'anger': 0.029401}}}}",Real Estate
68,8/4/20,CBRE,"{'usage': {'text_units': 1, 'text_characters': 9935, 'features': 2}, 'sentiment': {'document': {'score': -0.967121, 'label': 'negative'}}, 'language': 'en', 'emotion': {'document': {'emotion': {'sadness': 0.496249, 'joy': 0.062293, 'fear': 0.480808, 'disgust': 0.026783, 'anger': 0.042881}}}}",Real Estate
69,5/7/20,CBRE,"{'usage': {'text_units': 2, 'text_characters': 10974, 'features': 2}, 'sentiment': {'document': {'score': -0.785423, 'label': 'negative'}}, 'language': 'en', 'emotion': {'document': {'emotion': {'sadness': 0.478201, 'joy': 0.068108, 'fear': 0.46647, 'disgust': 0.027025, 'anger': 0.044512}}}}",Real Estate
70,11/6/19,CBRE,"{'usage': {'text_units': 2, 'text_characters': 10078, 'features': 2}, 'sentiment': {'document': {'score': -0.946401, 'label': 'negative'}}, 'language': 'en', 'emotion': {'document': {'emotion': {'sadness': 0.401968, 'joy': 0.092882, 'fear': 0.421106, 'disgust': 0.030514, 'anger': 0.038491}}}}",Real Estate
71,8/9/19,CBRE,"{'usage': {'text_units': 1, 'text_characters': 9684, 'features': 2}, 'sentiment': {'document': {'score': -0.984093, 'label': 'negative'}}, 'language': 'en', 'emotion': {'document': {'emotion': {'sadness': 0.385777, 'joy': 0.102906, 'fear': 0.417943, 'disgust': 0.028231, 'anger': 0.041327}}}}",Real Estate
72,5/10/19,CBRE,"{'usage': {'text_units': 2, 'text_characters': 10132, 'features': 2}, 'sentiment': {'document': {'score': -0.897614, 'label': 'negative'}}, 'language': 'en', 'emotion': {'document': {'emotion': {'sadness': 0.421948, 'joy': 0.06765, 'fear': 0.35574, 'disgust': 0.030825, 'anger': 0.049972}}}}",Real Estate
73,11/9/18,CBRE,"{'usage': {'text_units': 2, 'text_characters': 11507, 'features': 2}, 'sentiment': {'document': {'score': -0.737978, 'label': 'negative'}}, 'language': 'en', 'emotion': {'document': {'emotion': {'sadness': 0.409288, 'joy': 0.200792, 'fear': 0.327675, 'disgust': 0.017066, 'anger': 0.038299}}}}",Real Estate
74,8/9/18,CBRE,"{'usage': {'text_units': 2, 'text_characters': 11102, 'features': 2}, 'sentiment': {'document': {'score': -0.869064, 'label': 'negative'}}, 'language': 'en', 'emotion': {'document': {'emotion': {'sadness': 0.483962, 'joy': 0.148702, 'fear': 0.353266, 'disgust': 0.018144, 'anger': 0.048074}}}}",Real Estate
75,5/10/18,CBRE,"{'usage': {'text_units': 2, 'text_characters': 10211, 'features': 2}, 'sentiment': {'document': {'score': -0.818125, 'label': 'negative'}}, 'language': 'en', 'emotion': {'document': {'emotion': {'sadness': 0.387308, 'joy': 0.202426, 'fear': 0.363732, 'disgust': 0.017685, 'anger': 0.039182}}}}",Real Estate
76,10/29/20,CBRE,"{'usage': {'text_units': 2, 'text_characters': 10382, 'features': 2}, 'sentiment': {'document': {'score': -0.891322, 'label': 'negative'}}, 'language': 'en', 'emotion': {'document': {'emotion': {'sadness': 0.4153, 'joy': 0.0993, 'fear': 0.502571, 'disgust': 0.022536, 'anger': 0.036388}}}}",Real Estate
77,11/5/20,ZG,"{'usage': {'text_units': 2, 'text_characters': 14008, 'features': 2}, 'sentiment': {'document': {'score': -0.881282, 'label': 'negative'}}, 'language': 'en', 'emotion': {'document': {'emotion': {'sadness': 0.664446, 'joy': 0.010501, 'fear': 0.282174, 'disgust': 0.130135, 'anger': 0.140655}}}}",Real Estate
78,8/6/20,ZG,"{'usage': {'text_units': 2, 'text_characters': 14072, 'features': 2}, 'sentiment': {'document': {'score': -0.687622, 'label': 'negative'}}, 'language': 'en', 'emotion': {'document': {'emotion': {'sadness': 0.656579, 'joy': 0.008784, 'fear': 0.274179, 'disgust': 0.11628, 'anger': 0.17086}}}}",Real Estate
79,11/7/19,ZG,"{'usage': {'text_units': 2, 'text_characters': 13241, 'features': 2}, 'sentiment': {'document': {'score': 0, 'label': 'neutral'}}, 'language': 'en', 'emotion': {'document': {'emotion': {'sadness': 0.569542, 'joy': 0.026558, 'fear': 0.223535, 'disgust': 0.109612, 'anger': 0.222297}}}}",Real Estate
80,8/7/19,ZG,"{'usage': {'text_units': 2, 'text_characters': 10998, 'features': 2}, 'sentiment': {'document': {'score': -0.569713, 'label': 'negative'}}, 'language': 'en', 'emotion': {'document': {'emotion': {'sadness': 0.609661, 'joy': 0.022712, 'fear': 0.218591, 'disgust': 0.097486, 'anger': 0.223739}}}}",Real Estate
81,11/6/18,ZG,"{'usage': {'text_units': 3, 'text_characters': 24270, 'features': 2}, 'sentiment': {'document': {'score': -0.67283, 'label': 'negative'}}, 'language': 'en', 'emotion': {'document': {'emotion': {'sadness': 0.872626, 'joy': 0.002803, 'fear': 0.138177, 'disgust': 0.066494, 'anger': 0.168397}}}}",Real Estate
82,8/6/18,ZG,"{'usage': {'text_units': 2, 'text_characters': 15843, 'features': 2}, 'sentiment': {'document': {'score': -0.522269, 'label': 'negative'}}, 'language': 'en', 'emotion': {'document': {'emotion': {'sadness': 0.658189, 'joy': 0.038096, 'fear': 0.210176, 'disgust': 0.081395, 'anger': 0.171928}}}}",Real Estate
83,5/8/18,ZG,"{'usage': {'text_units': 3, 'text_characters': 25690, 'features': 2}, 'sentiment': {'document': {'score': -0.417476, 'label': 'negative'}}, 'language': 'en', 'emotion': {'document': {'emotion': {'sadness': 0.866002, 'joy': 0.002166, 'fear': 0.153426, 'disgust': 0.068011, 'anger': 0.162573}}}}",Real Estate
84,5/7/20,ZG,"{'usage': {'text_units': 2, 'text_characters': 15458, 'features': 2}, 'sentiment': {'document': {'score': -0.563672, 'label': 'negative'}}, 'language': 'en', 'emotion': {'document': {'emotion': {'sadness': 0.644944, 'joy': 0.037108, 'fear': 0.237099, 'disgust': 0.101273, 'anger': 0.17609}}}}",Real Estate
85,5/9/19,ZG,"{'usage': {'text_units': 2, 'text_characters': 11036, 'features': 2}, 'sentiment': {'document': {'score': 0, 'label': 'neutral'}}, 'language': 'en', 'emotion': {'document': {'emotion': {'sadness': 0.599151, 'joy': 0.039203, 'fear': 0.20033, 'disgust': 0.10887, 'anger': 0.200854}}}}",Real Estate
86,11/12/20,RKT,"{'usage': {'text_units': 2, 'text_characters': 16635, 'features': 2}, 'sentiment': {'document': {'score': -0.985596, 'label': 'negative'}}, 'language': 'en', 'emotion': {'document': {'emotion': {'sadness': 0.504, 'joy': 0.096234, 'fear': 0.235448, 'disgust': 0.045836, 'anger': 0.119364}}}}",Real Estate
87,9/2/20,RKT,"{'usage': {'text_units': 2, 'text_characters': 14550, 'features': 2}, 'sentiment': {'document': {'score': -0.997026, 'label': 'negative'}}, 'language': 'en', 'emotion': {'document': {'emotion': {'sadness': 0.566715, 'joy': 0.067541, 'fear': 0.247731, 'disgust': 0.056633, 'anger': 0.100601}}}}",Real Estate
0,4/29/21,WELL,"{'usage': {'text_units': 1, 'text_characters': 9648, 'features': 2}, 'sentiment': {'document': {'score': -0.99971, 'label': 'negative'}}, 'language': 'en', 'emotion': {'document': {'emotion': {'sadness': 0.556743, 'joy': 0.073611, 'fear': 0.180356, 'disgust': 0.032753, 'anger': 0.064797}}}}",Real Estate
1,10/29/20,WELL,"{'usage': {'text_units': 1, 'text_characters': 9434, 'features': 2}, 'sentiment': {'document': {'score': -0.999702, 'label': 'negative'}}, 'language': 'en', 'emotion': {'document': {'emotion': {'sadness': 0.544332, 'joy': 0.056337, 'fear': 0.199391, 'disgust': 0.047107, 'anger': 0.080373}}}}",Real Estate
2,5/7/20,WELL,"{'usage': {'text_units': 2, 'text_characters': 11090, 'features': 2}, 'sentiment': {'document': {'score': -0.998326, 'label': 'negative'}}, 'language': 'en', 'emotion': {'document': {'emotion': {'sadness': 0.659825, 'joy': 0.029652, 'fear': 0.234307, 'disgust': 0.045184, 'anger': 0.094271}}}}",Real Estate
3,10/30/19,WELL,"{'usage': {'text_units': 1, 'text_characters': 7868, 'features': 2}, 'sentiment': {'document': {'score': -0.999897, 'label': 'negative'}}, 'language': 'en', 'emotion': {'document': {'emotion': {'sadness': 0.365023, 'joy': 0.070107, 'fear': 0.201416, 'disgust': 0.036611, 'anger': 0.046881}}}}",Real Estate
4,4/30/19,WELL,"{'usage': {'text_units': 1, 'text_characters': 8273, 'features': 2}, 'sentiment': {'document': {'score': -0.997873, 'label': 'negative'}}, 'language': 'en', 'emotion': {'document': {'emotion': {'sadness': 0.360236, 'joy': 0.06762, 'fear': 0.178215, 'disgust': 0.041037, 'anger': 0.050014}}}}",Real Estate
5,10/30/18,WELL,"{'usage': {'text_units': 1, 'text_characters': 8195, 'features': 2}, 'sentiment': {'document': {'score': -0.998423, 'label': 'negative'}}, 'language': 'en', 'emotion': {'document': {'emotion': {'sadness': 0.391854, 'joy': 0.112967, 'fear': 0.178199, 'disgust': 0.031325, 'anger': 0.042491}}}}",Real Estate
6,5/4/18,WELL,"{'usage': {'text_units': 1, 'text_characters': 9183, 'features': 2}, 'sentiment': {'document': {'score': -0.991952, 'label': 'negative'}}, 'language': 'en', 'emotion': {'document': {'emotion': {'sadness': 0.357508, 'joy': 0.128317, 'fear': 0.173021, 'disgust': 0.032205, 'anger': 0.048594}}}}",Real Estate
7,8/6/20,WELL,"{'usage': {'text_units': 1, 'text_characters': 9490, 'features': 2}, 'sentiment': {'document': {'score': -0.999615, 'label': 'negative'}}, 'language': 'en', 'emotion': {'document': {'emotion': {'sadness': 0.560711, 'joy': 0.052209, 'fear': 0.207724, 'disgust': 0.048265, 'anger': 0.076754}}}}",Real Estate
8,8/1/19,WELL,"{'usage': {'text_units': 1, 'text_characters': 7827, 'features': 2}, 'sentiment': {'document': {'score': -0.999851, 'label': 'negative'}}, 'language': 'en', 'emotion': {'document': {'emotion': {'sadness': 0.359617, 'joy': 0.075827, 'fear': 0.206858, 'disgust': 0.035942, 'anger': 0.048032}}}}",Real Estate
9,8/2/18,WELL,"{'usage': {'text_units': 1, 'text_characters': 8069, 'features': 2}, 'sentiment': {'document': {'score': -0.997347, 'label': 'negative'}}, 'language': 'en', 'emotion': {'document': {'emotion': {'sadness': 0.407702, 'joy': 0.106457, 'fear': 0.169436, 'disgust': 0.031009, 'anger': 0.042814}}}}",Real Estate
10,4/30/21,JNJ,"{'usage': {'text_units': 2, 'text_characters': 19849, 'features': 2}, 'sentiment': {'document': {'score': 0.71173, 'label': 'positive'}}, 'language': 'en', 'emotion': {'document': {'emotion': {'sadness': 0.823826, 'joy': 0.002999, 'fear': 0.149126, 'disgust': 0.097647, 'anger': 0.201564}}}}",Pharma
11,10/23/20,JNJ,"{'usage': {'text_units': 3, 'text_characters': 21945, 'features': 2}, 'sentiment': {'document': {'score': -0.51152, 'label': 'negative'}}, 'language': 'en', 'emotion': {'document': {'emotion': {'sadness': 0.799415, 'joy': 0.00224, 'fear': 0.187447, 'disgust': 0.103043, 'anger': 0.196801}}}}",Pharma
12,7/24/20,JNJ,"{'usage': {'text_units': 3, 'text_characters': 21337, 'features': 2}, 'sentiment': {'document': {'score': -0.51152, 'label': 'negative'}}, 'language': 'en', 'emotion': {'document': {'emotion': {'sadness': 0.794292, 'joy': 0.001696, 'fear': 0.183815, 'disgust': 0.110212, 'anger': 0.201588}}}}",Pharma
13,4/29/20,JNJ,"{'usage': {'text_units': 3, 'text_characters': 20590, 'features': 2}, 'sentiment': {'document': {'score': -0.512333, 'label': 'negative'}}, 'language': 'en', 'emotion': {'document': {'emotion': {'sadness': 0.805597, 'joy': 0.003042, 'fear': 0.192126, 'disgust': 0.105148, 'anger': 0.17735}}}}",Pharma
14,10/28/19,JNJ,"{'usage': {'text_units': 3, 'text_characters': 20909, 'features': 2}, 'sentiment': {'document': {'score': 0.504089, 'label': 'positive'}}, 'language': 'en', 'emotion': {'document': {'emotion': {'sadness': 0.791246, 'joy': 0.004744, 'fear': 0.222096, 'disgust': 0.102475, 'anger': 0.161292}}}}",Pharma
15,7/29/19,JNJ,"{'usage': {'text_units': 2, 'text_characters': 19225, 'features': 2}, 'sentiment': {'document': {'score': 0.504089, 'label': 'positive'}}, 'language': 'en', 'emotion': {'document': {'emotion': {'sadness': 0.817767, 'joy': 0.003887, 'fear': 0.201604, 'disgust': 0.105171, 'anger': 0.143809}}}}",Pharma
16,5/1/19,JNJ,"{'usage': {'text_units': 2, 'text_characters': 17698, 'features': 2}, 'sentiment': {'document': {'score': 0, 'label': 'neutral'}}, 'language': 'en', 'emotion': {'document': {'emotion': {'sadness': 0.811006, 'joy': 0.0033, 'fear': 0.197514, 'disgust': 0.10379, 'anger': 0.16054}}}}",Pharma
17,10/31/18,JNJ,"{'usage': {'text_units': 2, 'text_characters': 18544, 'features': 2}, 'sentiment': {'document': {'score': -0.528991, 'label': 'negative'}}, 'language': 'en', 'emotion': {'document': {'emotion': {'sadness': 0.779978, 'joy': 0.009022, 'fear': 0.218018, 'disgust': 0.089525, 'anger': 0.181636}}}}",Pharma
18,5/1/18,JNJ,"{'usage': {'text_units': 2, 'text_characters': 15626, 'features': 2}, 'sentiment': {'document': {'score': -0.528991, 'label': 'negative'}}, 'language': 'en', 'emotion': {'document': {'emotion': {'sadness': 0.753167, 'joy': 0.015769, 'fear': 0.226327, 'disgust': 0.085996, 'anger': 0.194024}}}}",Pharma
19,8/2/18,JNJ,"{'usage': {'text_units': 2, 'text_characters': 17307, 'features': 2}, 'sentiment': {'document': {'score': -0.528991, 'label': 'negative'}}, 'language': 'en', 'emotion': {'document': {'emotion': {'sadness': 0.767577, 'joy': 0.011013, 'fear': 0.214491, 'disgust': 0.090855, 'anger': 0.196726}}}}",Pharma
20,10/29/20,AMGN,"{'usage': {'text_units': 2, 'text_characters': 13184, 'features': 2}, 'sentiment': {'document': {'score': -0.994381, 'label': 'negative'}}, 'language': 'en', 'emotion': {'document': {'emotion': {'sadness': 0.813177, 'joy': 0.008007, 'fear': 0.19353, 'disgust': 0.064051, 'anger': 0.162061}}}}",Pharma
21,7/29/20,AMGN,"{'usage': {'text_units': 2, 'text_characters': 12597, 'features': 2}, 'sentiment': {'document': {'score': -0.949556, 'label': 'negative'}}, 'language': 'en', 'emotion': {'document': {'emotion': {'sadness': 0.786488, 'joy': 0.015123, 'fear': 0.200165, 'disgust': 0.058522, 'anger': 0.1752}}}}",Pharma
22,5/1/20,AMGN,"{'usage': {'text_units': 2, 'text_characters': 12221, 'features': 2}, 'sentiment': {'document': {'score': -0.966304, 'label': 'negative'}}, 'language': 'en', 'emotion': {'document': {'emotion': {'sadness': 0.675926, 'joy': 0.052983, 'fear': 0.199349, 'disgust': 0.07065, 'anger': 0.227414}}}}",Pharma
23,10/30/19,AMGN,"{'usage': {'text_units': 2, 'text_characters': 12378, 'features': 2}, 'sentiment': {'document': {'score': -0.897029, 'label': 'negative'}}, 'language': 'en', 'emotion': {'document': {'emotion': {'sadness': 0.721112, 'joy': 0.036263, 'fear': 0.163265, 'disgust': 0.077973, 'anger': 0.243069}}}}",Pharma
24,7/31/19,AMGN,"{'usage': {'text_units': 2, 'text_characters': 13999, 'features': 2}, 'sentiment': {'document': {'score': -0.894383, 'label': 'negative'}}, 'language': 'en', 'emotion': {'document': {'emotion': {'sadness': 0.792322, 'joy': 0.006002, 'fear': 0.207775, 'disgust': 0.080096, 'anger': 0.181995}}}}",Pharma
25,10/31/18,AMGN,"{'usage': {'text_units': 2, 'text_characters': 13493, 'features': 2}, 'sentiment': {'document': {'score': -0.918974, 'label': 'negative'}}, 'language': 'en', 'emotion': {'document': {'emotion': {'sadness': 0.582411, 'joy': 0.186234, 'fear': 0.133388, 'disgust': 0.030693, 'anger': 0.091948}}}}",Pharma
26,7/27/18,AMGN,"{'usage': {'text_units': 2, 'text_characters': 12331, 'features': 2}, 'sentiment': {'document': {'score': -0.918974, 'label': 'negative'}}, 'language': 'en', 'emotion': {'document': {'emotion': {'sadness': 0.568485, 'joy': 0.163858, 'fear': 0.17324, 'disgust': 0.030705, 'anger': 0.124874}}}}",Pharma
27,4/25/18,AMGN,"{'usage': {'text_units': 2, 'text_characters': 10864, 'features': 2}, 'sentiment': {'document': {'score': -0.623133, 'label': 'negative'}}, 'language': 'en', 'emotion': {'document': {'emotion': {'sadness': 0.318739, 'joy': 0.197328, 'fear': 0.151353, 'disgust': 0.039765, 'anger': 0.157543}}}}",Pharma
28,4/28/21,AMGN,"{'usage': {'text_units': 2, 'text_characters': 12602, 'features': 2}, 'sentiment': {'document': {'score': -0.875536, 'label': 'negative'}}, 'language': 'en', 'emotion': {'document': {'emotion': {'sadness': 0.813009, 'joy': 0.006938, 'fear': 0.205148, 'disgust': 0.063241, 'anger': 0.170845}}}}",Pharma
29,5/1/19,AMGN,"{'usage': {'text_units': 2, 'text_characters': 11341, 'features': 2}, 'sentiment': {'document': {'score': -0.915616, 'label': 'negative'}}, 'language': 'en', 'emotion': {'document': {'emotion': {'sadness': 0.622954, 'joy': 0.036181, 'fear': 0.175849, 'disgust': 0.103626, 'anger': 0.231249}}}}",Pharma
30,8/6/20,PFE,"{'usage': {'text_units': 4, 'text_characters': 30373, 'features': 2}, 'sentiment': {'document': {'score': -0.895548, 'label': 'negative'}}, 'language': 'en', 'emotion': {'document': {'emotion': {'sadness': 0.748033, 'joy': 0.019516, 'fear': 0.262057, 'disgust': 0.116381, 'anger': 0.130128}}}}",Pharma
31,5/7/20,PFE,"{'usage': {'text_units': 3, 'text_characters': 27611, 'features': 2}, 'sentiment': {'document': {'score': 0, 'label': 'neutral'}}, 'language': 'en', 'emotion': {'document': {'emotion': {'sadness': 0.770976, 'joy': 0.013016, 'fear': 0.263851, 'disgust': 0.110083, 'anger': 0.118476}}}}",Pharma
32,11/7/19,PFE,"{'usage': {'text_units': 4, 'text_characters': 33548, 'features': 2}, 'sentiment': {'document': {'score': -0.966053, 'label': 'negative'}}, 'language': 'en', 'emotion': {'document': {'emotion': {'sadness': 0.75606, 'joy': 0.02421, 'fear': 0.245835, 'disgust': 0.107432, 'anger': 0.136352}}}}",Pharma
33,8/8/19,PFE,"{'usage': {'text_units': 4, 'text_characters': 32020, 'features': 2}, 'sentiment': {'document': {'score': -0.988586, 'label': 'negative'}}, 'language': 'en', 'emotion': {'document': {'emotion': {'sadness': 0.760174, 'joy': 0.018192, 'fear': 0.253728, 'disgust': 0.102599, 'anger': 0.141597}}}}",Pharma
34,11/8/18,PFE,"{'usage': {'text_units': 4, 'text_characters': 36739, 'features': 2}, 'sentiment': {'document': {'score': -0.972477, 'label': 'negative'}}, 'language': 'en', 'emotion': {'document': {'emotion': {'sadness': 0.806997, 'joy': 0.021282, 'fear': 0.200556, 'disgust': 0.079231, 'anger': 0.131561}}}}",Pharma
35,8/9/18,PFE,"{'usage': {'text_units': 4, 'text_characters': 36173, 'features': 2}, 'sentiment': {'document': {'score': -0.982304, 'label': 'negative'}}, 'language': 'en', 'emotion': {'document': {'emotion': {'sadness': 0.828969, 'joy': 0.020525, 'fear': 0.196107, 'disgust': 0.073729, 'anger': 0.111972}}}}",Pharma
36,5/10/18,PFE,"{'usage': {'text_units': 4, 'text_characters': 32419, 'features': 2}, 'sentiment': {'document': {'score': -0.856896, 'label': 'negative'}}, 'language': 'en', 'emotion': {'document': {'emotion': {'sadness': 0.796565, 'joy': 0.019886, 'fear': 0.210415, 'disgust': 0.079449, 'anger': 0.141005}}}}",Pharma
37,11/5/20,PFE,"{'usage': {'text_units': 4, 'text_characters': 30479, 'features': 2}, 'sentiment': {'document': {'score': -0.99354, 'label': 'negative'}}, 'language': 'en', 'emotion': {'document': {'emotion': {'sadness': 0.788877, 'joy': 0.014116, 'fear': 0.240589, 'disgust': 0.100694, 'anger': 0.123346}}}}",Pharma
38,5/9/19,PFE,"{'usage': {'text_units': 3, 'text_characters': 29453, 'features': 2}, 'sentiment': {'document': {'score': -0.771446, 'label': 'negative'}}, 'language': 'en', 'emotion': {'document': {'emotion': {'sadness': 0.795123, 'joy': 0.019701, 'fear': 0.218215, 'disgust': 0.093397, 'anger': 0.124866}}}}",Pharma
39,11/4/20,GILD,"{'usage': {'text_units': 2, 'text_characters': 14346, 'features': 2}, 'sentiment': {'document': {'score': -0.997451, 'label': 'negative'}}, 'language': 'en', 'emotion': {'document': {'emotion': {'sadness': 0.801516, 'joy': 0.02974, 'fear': 0.194395, 'disgust': 0.074424, 'anger': 0.135958}}}}",Pharma
40,5/6/20,GILD,"{'usage': {'text_units': 3, 'text_characters': 22251, 'features': 2}, 'sentiment': {'document': {'score': -0.876666, 'label': 'negative'}}, 'language': 'en', 'emotion': {'document': {'emotion': {'sadness': 0.801399, 'joy': 0.003975, 'fear': 0.250572, 'disgust': 0.075526, 'anger': 0.156511}}}}",Pharma
41,11/5/19,GILD,"{'usage': {'text_units': 2, 'text_characters': 19250, 'features': 2}, 'sentiment': {'document': {'score': -0.99288, 'label': 'negative'}}, 'language': 'en', 'emotion': {'document': {'emotion': {'sadness': 0.778838, 'joy': 0.005403, 'fear': 0.289885, 'disgust': 0.069552, 'anger': 0.147708}}}}",Pharma
42,8/6/19,GILD,"{'usage': {'text_units': 2, 'text_characters': 19724, 'features': 2}, 'sentiment': {'document': {'score': -0.967488, 'label': 'negative'}}, 'language': 'en', 'emotion': {'document': {'emotion': {'sadness': 0.779522, 'joy': 0.004933, 'fear': 0.273594, 'disgust': 0.068975, 'anger': 0.165723}}}}",Pharma
43,5/8/19,GILD,"{'usage': {'text_units': 2, 'text_characters': 18853, 'features': 2}, 'sentiment': {'document': {'score': -0.840943, 'label': 'negative'}}, 'language': 'en', 'emotion': {'document': {'emotion': {'sadness': 0.782054, 'joy': 0.005293, 'fear': 0.283329, 'disgust': 0.070412, 'anger': 0.149198}}}}",Pharma
44,11/6/18,GILD,"{'usage': {'text_units': 3, 'text_characters': 24491, 'features': 2}, 'sentiment': {'document': {'score': -0.904735, 'label': 'negative'}}, 'language': 'en', 'emotion': {'document': {'emotion': {'sadness': 0.800206, 'joy': 0.002872, 'fear': 0.210369, 'disgust': 0.072647, 'anger': 0.203285}}}}",Pharma
45,8/6/18,GILD,"{'usage': {'text_units': 3, 'text_characters': 24517, 'features': 2}, 'sentiment': {'document': {'score': -0.931082, 'label': 'negative'}}, 'language': 'en', 'emotion': {'document': {'emotion': {'sadness': 0.812074, 'joy': 0.002482, 'fear': 0.196058, 'disgust': 0.076133, 'anger': 0.196751}}}}",Pharma
46,5/9/18,GILD,"{'usage': {'text_units': 3, 'text_characters': 23599, 'features': 2}, 'sentiment': {'document': {'score': -0.776506, 'label': 'negative'}}, 'language': 'en', 'emotion': {'document': {'emotion': {'sadness': 0.792528, 'joy': 0.003194, 'fear': 0.218959, 'disgust': 0.077133, 'anger': 0.201496}}}}",Pharma
47,8/6/20,GILD,"{'usage': {'text_units': 3, 'text_characters': 23458, 'features': 2}, 'sentiment': {'document': {'score': -0.996008, 'label': 'negative'}}, 'language': 'en', 'emotion': {'document': {'emotion': {'sadness': 0.80873, 'joy': 0.005851, 'fear': 0.237958, 'disgust': 0.072703, 'anger': 0.157562}}}}",Pharma
48,11/5/20,MRK,"{'usage': {'text_units': 2, 'text_characters': 15367, 'features': 2}, 'sentiment': {'document': {'score': -0.917437, 'label': 'negative'}}, 'language': 'en', 'emotion': {'document': {'emotion': {'sadness': 0.781183, 'joy': 0.016557, 'fear': 0.272713, 'disgust': 0.070691, 'anger': 0.10154}}}}",Pharma
49,8/5/20,MRK,"{'usage': {'text_units': 2, 'text_characters': 13758, 'features': 2}, 'sentiment': {'document': {'score': -0.947454, 'label': 'negative'}}, 'language': 'en', 'emotion': {'document': {'emotion': {'sadness': 0.774968, 'joy': 0.011137, 'fear': 0.279648, 'disgust': 0.076105, 'anger': 0.114578}}}}",Pharma
50,8/6/19,MRK,"{'usage': {'text_units': 2, 'text_characters': 12191, 'features': 2}, 'sentiment': {'document': {'score': -0.891177, 'label': 'negative'}}, 'language': 'en', 'emotion': {'document': {'emotion': {'sadness': 0.652684, 'joy': 0.017741, 'fear': 0.314288, 'disgust': 0.080993, 'anger': 0.156033}}}}",Pharma
51,5/8/19,MRK,"{'usage': {'text_units': 2, 'text_characters': 12534, 'features': 2}, 'sentiment': {'document': {'score': -0.80752, 'label': 'negative'}}, 'language': 'en', 'emotion': {'document': {'emotion': {'sadness': 0.748685, 'joy': 0.008729, 'fear': 0.226881, 'disgust': 0.088894, 'anger': 0.176847}}}}",Pharma
52,8/7/18,MRK,"{'usage': {'text_units': 2, 'text_characters': 14399, 'features': 2}, 'sentiment': {'document': {'score': -0.84956, 'label': 'negative'}}, 'language': 'en', 'emotion': {'document': {'emotion': {'sadness': 0.826664, 'joy': 0.007633, 'fear': 0.161831, 'disgust': 0.07052, 'anger': 0.155311}}}}",Pharma
53,5/8/18,MRK,"{'usage': {'text_units': 2, 'text_characters': 14265, 'features': 2}, 'sentiment': {'document': {'score': -0.853594, 'label': 'negative'}}, 'language': 'en', 'emotion': {'document': {'emotion': {'sadness': 0.823538, 'joy': 0.003283, 'fear': 0.171817, 'disgust': 0.078278, 'anger': 0.168993}}}}",Pharma
54,5/6/20,MRK,"{'usage': {'text_units': 2, 'text_characters': 12790, 'features': 2}, 'sentiment': {'document': {'score': -0.982143, 'label': 'negative'}}, 'language': 'en', 'emotion': {'document': {'emotion': {'sadness': 0.811935, 'joy': 0.00684, 'fear': 0.233075, 'disgust': 0.079745, 'anger': 0.122392}}}}",Pharma
55,11/5/19,MRK,"{'usage': {'text_units': 2, 'text_characters': 12807, 'features': 2}, 'sentiment': {'document': {'score': -0.973352, 'label': 'negative'}}, 'language': 'en', 'emotion': {'document': {'emotion': {'sadness': 0.70331, 'joy': 0.016046, 'fear': 0.28166, 'disgust': 0.073154, 'anger': 0.151622}}}}",Pharma
56,11/6/18,MRK,"{'usage': {'text_units': 2, 'text_characters': 15045, 'features': 2}, 'sentiment': {'document': {'score': -0.989391, 'label': 'negative'}}, 'language': 'en', 'emotion': {'document': {'emotion': {'sadness': 0.788053, 'joy': 0.009545, 'fear': 0.229488, 'disgust': 0.06697, 'anger': 0.122338}}}}",Pharma
57,2/10/21,SMG,"{'usage': {'text_units': 1, 'text_characters': 8052, 'features': 2}, 'sentiment': {'document': {'score': -0.999664, 'label': 'negative'}}, 'language': 'en', 'emotion': {'document': {'emotion': {'sadness': 0.453967, 'joy': 0.053167, 'fear': 0.200599, 'disgust': 0.03152, 'anger': 0.120211}}}}",Cannabis
58,5/6/20,SMG,"{'usage': {'text_units': 2, 'text_characters': 12369, 'features': 2}, 'sentiment': {'document': {'score': -0.992588, 'label': 'negative'}}, 'language': 'en', 'emotion': {'document': {'emotion': {'sadness': 0.416572, 'joy': 0.042756, 'fear': 0.157855, 'disgust': 0.036558, 'anger': 0.103355}}}}",Cannabis
59,2/5/20,SMG,"{'usage': {'text_units': 1, 'text_characters': 8335, 'features': 2}, 'sentiment': {'document': {'score': -0.999805, 'label': 'negative'}}, 'language': 'en', 'emotion': {'document': {'emotion': {'sadness': 0.405335, 'joy': 0.048305, 'fear': 0.164676, 'disgust': 0.040467, 'anger': 0.092649}}}}",Cannabis
60,5/8/19,SMG,"{'usage': {'text_units': 2, 'text_characters': 14359, 'features': 2}, 'sentiment': {'document': {'score': -0.965309, 'label': 'negative'}}, 'language': 'en', 'emotion': {'document': {'emotion': {'sadness': 0.545773, 'joy': 0.045484, 'fear': 0.144781, 'disgust': 0.093959, 'anger': 0.179381}}}}",Cannabis
61,8/8/18,SMG,"{'usage': {'text_units': 2, 'text_characters': 15297, 'features': 2}, 'sentiment': {'document': {'score': -0.999747, 'label': 'negative'}}, 'language': 'en', 'emotion': {'document': {'emotion': {'sadness': 0.542635, 'joy': 0.143552, 'fear': 0.119346, 'disgust': 0.051138, 'anger': 0.131667}}}}",Cannabis
62,5/9/18,SMG,"{'usage': {'text_units': 2, 'text_characters': 14414, 'features': 2}, 'sentiment': {'document': {'score': -0.978077, 'label': 'negative'}}, 'language': 'en', 'emotion': {'document': {'emotion': {'sadness': 0.549697, 'joy': 0.10079, 'fear': 0.115643, 'disgust': 0.071098, 'anger': 0.156554}}}}",Cannabis
63,8/5/20,SMG,"{'usage': {'text_units': 2, 'text_characters': 10779, 'features': 2}, 'sentiment': {'document': {'score': -0.998994, 'label': 'negative'}}, 'language': 'en', 'emotion': {'document': {'emotion': {'sadness': 0.381424, 'joy': 0.048433, 'fear': 0.171332, 'disgust': 0.040322, 'anger': 0.093229}}}}",Cannabis
64,8/7/19,SMG,"{'usage': {'text_units': 2, 'text_characters': 12666, 'features': 2}, 'sentiment': {'document': {'score': -0.999852, 'label': 'negative'}}, 'language': 'en', 'emotion': {'document': {'emotion': {'sadness': 0.543698, 'joy': 0.03746, 'fear': 0.148831, 'disgust': 0.10304, 'anger': 0.183043}}}}",Cannabis
65,2/6/19,SMG,"{'usage': {'text_units': 2, 'text_characters': 12014, 'features': 2}, 'sentiment': {'document': {'score': -0.999898, 'label': 'negative'}}, 'language': 'en', 'emotion': {'document': {'emotion': {'sadness': 0.599228, 'joy': 0.027548, 'fear': 0.125203, 'disgust': 0.099991, 'anger': 0.22616}}}}",Cannabis
66,8/6/20,IIPR,"{'usage': {'text_units': 1, 'text_characters': 8407, 'features': 2}, 'sentiment': {'document': {'score': 0, 'label': 'neutral'}}, 'language': 'en', 'emotion': {'document': {'emotion': {'sadness': 0.209659, 'joy': 0.263914, 'fear': 0.26255, 'disgust': 0.013431, 'anger': 0.023191}}}}",Cannabis
67,5/7/20,IIPR,"{'usage': {'text_units': 1, 'text_characters': 9520, 'features': 2}, 'sentiment': {'document': {'score': 0, 'label': 'neutral'}}, 'language': 'en', 'emotion': {'document': {'emotion': {'sadness': 0.382462, 'joy': 0.234019, 'fear': 0.197471, 'disgust': 0.015287, 'anger': 0.039218}}}}",Cannabis
68,11/7/19,IIPR,"{'usage': {'text_units': 1, 'text_characters': 9114, 'features': 2}, 'sentiment': {'document': {'score': 0.564328, 'label': 'positive'}}, 'language': 'en', 'emotion': {'document': {'emotion': {'sadness': 0.607404, 'joy': 0.151974, 'fear': 0.212624, 'disgust': 0.024715, 'anger': 0.068168}}}}",Cannabis
69,5/9/19,IIPR,"{'usage': {'text_units': 1, 'text_characters': 7048, 'features': 2}, 'sentiment': {'document': {'score': 0.87468, 'label': 'positive'}}, 'language': 'en', 'emotion': {'document': {'emotion': {'sadness': 0.128096, 'joy': 0.396379, 'fear': 0.173481, 'disgust': 0.009936, 'anger': 0.020117}}}}",Cannabis
70,11/8/18,IIPR,"{'usage': {'text_units': 1, 'text_characters': 7139, 'features': 2}, 'sentiment': {'document': {'score': -0.650873, 'label': 'negative'}}, 'language': 'en', 'emotion': {'document': {'emotion': {'sadness': 0.337815, 'joy': 0.211473, 'fear': 0.254626, 'disgust': 0.038195, 'anger': 0.069042}}}}",Cannabis
71,8/13/18,IIPR,"{'usage': {'text_units': 1, 'text_characters': 5913, 'features': 2}, 'sentiment': {'document': {'score': 0, 'label': 'neutral'}}, 'language': 'en', 'emotion': {'document': {'emotion': {'sadness': 0.179868, 'joy': 0.247512, 'fear': 0.204889, 'disgust': 0.013006, 'anger': 0.031086}}}}",Cannabis
72,11/5/20,IIPR,"{'usage': {'text_units': 1, 'text_characters': 8998, 'features': 2}, 'sentiment': {'document': {'score': 0, 'label': 'neutral'}}, 'language': 'en', 'emotion': {'document': {'emotion': {'sadness': 0.205439, 'joy': 0.216843, 'fear': 0.249262, 'disgust': 0.013694, 'anger': 0.025496}}}}",Cannabis
73,8/8/19,IIPR,"{'usage': {'text_units': 1, 'text_characters': 7555, 'features': 2}, 'sentiment': {'document': {'score': 0.614936, 'label': 'positive'}}, 'language': 'en', 'emotion': {'document': {'emotion': {'sadness': 0.279805, 'joy': 0.287136, 'fear': 0.229856, 'disgust': 0.014601, 'anger': 0.031196}}}}",Cannabis
74,5/10/18,IIPR,"{'usage': {'text_units': 1, 'text_characters': 5221, 'features': 2}, 'sentiment': {'document': {'score': -0.576097, 'label': 'negative'}}, 'language': 'en', 'emotion': {'document': {'emotion': {'sadness': 0.201528, 'joy': 0.240399, 'fear': 0.183085, 'disgust': 0.013762, 'anger': 0.033984}}}}",Cannabis
75,2/9/21,WEED,"{'usage': {'text_units': 2, 'text_characters': 14508, 'features': 2}, 'sentiment': {'document': {'score': -0.973838, 'label': 'negative'}}, 'language': 'en', 'emotion': {'document': {'emotion': {'sadness': 0.462565, 'joy': 0.229298, 'fear': 0.191593, 'disgust': 0.032317, 'anger': 0.094886}}}}",Cannabis
76,11/9/20,WEED,"{'usage': {'text_units': 2, 'text_characters': 13334, 'features': 2}, 'sentiment': {'document': {'score': -0.977389, 'label': 'negative'}}, 'language': 'en', 'emotion': {'document': {'emotion': {'sadness': 0.505723, 'joy': 0.221854, 'fear': 0.135442, 'disgust': 0.027773, 'anger': 0.11592}}}}",Cannabis
77,8/10/20,WEED,"{'usage': {'text_units': 1, 'text_characters': 9380, 'features': 2}, 'sentiment': {'document': {'score': -0.984798, 'label': 'negative'}}, 'language': 'en', 'emotion': {'document': {'emotion': {'sadness': 0.257851, 'joy': 0.372327, 'fear': 0.147371, 'disgust': 0.015734, 'anger': 0.036464}}}}",Cannabis
78,8/13/20,GRWG,"{'usage': {'text_units': 1, 'text_characters': 7541, 'features': 2}, 'sentiment': {'document': {'score': 0, 'label': 'neutral'}}, 'language': 'en', 'emotion': {'document': {'emotion': {'sadness': 0.313315, 'joy': 0.19988, 'fear': 0.245159, 'disgust': 0.013346, 'anger': 0.039597}}}}",Cannabis
79,5/14/20,GRWG,"{'usage': {'text_units': 1, 'text_characters': 7035, 'features': 2}, 'sentiment': {'document': {'score': -0.61398, 'label': 'negative'}}, 'language': 'en', 'emotion': {'document': {'emotion': {'sadness': 0.398827, 'joy': 0.100991, 'fear': 0.212681, 'disgust': 0.018625, 'anger': 0.041372}}}}",Cannabis
80,11/12/19,GRWG,"{'usage': {'text_units': 1, 'text_characters': 5183, 'features': 2}, 'sentiment': {'document': {'score': -0.749812, 'label': 'negative'}}, 'language': 'en', 'emotion': {'document': {'emotion': {'sadness': 0.35421, 'joy': 0.257239, 'fear': 0.240133, 'disgust': 0.010658, 'anger': 0.01875}}}}",Cannabis
81,8/8/19,GRWG,"{'usage': {'text_units': 1, 'text_characters': 4901, 'features': 2}, 'sentiment': {'document': {'score': -0.660837, 'label': 'negative'}}, 'language': 'en', 'emotion': {'document': {'emotion': {'sadness': 0.3709, 'joy': 0.283166, 'fear': 0.236157, 'disgust': 0.009618, 'anger': 0.02061}}}}",Cannabis
82,11/9/18,GRWG,"{'usage': {'text_units': 1, 'text_characters': 5270, 'features': 2}, 'sentiment': {'document': {'score': -0.86141, 'label': 'negative'}}, 'language': 'en', 'emotion': {'document': {'emotion': {'sadness': 0.43824, 'joy': 0.151575, 'fear': 0.176558, 'disgust': 0.024715, 'anger': 0.057749}}}}",Cannabis
83,5/15/18,GRWG,"{'usage': {'text_units': 1, 'text_characters': 4526, 'features': 2}, 'sentiment': {'document': {'score': -0.805765, 'label': 'negative'}}, 'language': 'en', 'emotion': {'document': {'emotion': {'sadness': 0.285703, 'joy': 0.11362, 'fear': 0.174706, 'disgust': 0.018261, 'anger': 0.029541}}}}",Cannabis
84,11/12/20,GRWG,"{'usage': {'text_units': 1, 'text_characters': 7591, 'features': 2}, 'sentiment': {'document': {'score': -0.656364, 'label': 'negative'}}, 'language': 'en', 'emotion': {'document': {'emotion': {'sadness': 0.239891, 'joy': 0.253908, 'fear': 0.191364, 'disgust': 0.010217, 'anger': 0.034597}}}}",Cannabis
85,5/7/19,GRWG,"{'usage': {'text_units': 1, 'text_characters': 4515, 'features': 2}, 'sentiment': {'document': {'score': -0.796771, 'label': 'negative'}}, 'language': 'en', 'emotion': {'document': {'emotion': {'sadness': 0.385718, 'joy': 0.292903, 'fear': 0.217681, 'disgust': 0.013063, 'anger': 0.021968}}}}",Cannabis
86,8/14/18,GRWG,"{'usage': {'text_units': 1, 'text_characters': 5314, 'features': 2}, 'sentiment': {'document': {'score': -0.883178, 'label': 'negative'}}, 'language': 'en', 'emotion': {'document': {'emotion': {'sadness': 0.46167, 'joy': 0.102216, 'fear': 0.168919, 'disgust': 0.027228, 'anger': 0.060874}}}}",Cannabis
87,5/8/20,CRON,"{'usage': {'text_units': 2, 'text_characters': 11650, 'features': 2}, 'sentiment': {'document': {'score': -0.972127, 'label': 'negative'}}, 'language': 'en', 'emotion': {'document': {'emotion': {'sadness': 0.754854, 'joy': 0.031156, 'fear': 0.249619, 'disgust': 0.038701, 'anger': 0.091981}}}}",Cannabis
88,11/5/20,CRON,"{'usage': {'text_units': 2, 'text_characters': 15531, 'features': 2}, 'sentiment': {'document': {'score': -0.998689, 'label': 'negative'}}, 'language': 'en', 'emotion': {'document': {'emotion': {'sadness': 0.821111, 'joy': 0.032761, 'fear': 0.204315, 'disgust': 0.030244, 'anger': 0.089983}}}}",Cannabis
89,8/6/20,CRON,"{'usage': {'text_units': 2, 'text_characters': 13774, 'features': 2}, 'sentiment': {'document': {'score': -0.998456, 'label': 'negative'}}, 'language': 'en', 'emotion': {'document': {'emotion': {'sadness': 0.81007, 'joy': 0.027863, 'fear': 0.194818, 'disgust': 0.037652, 'anger': 0.091841}}}}",Cannabis